Zone ID,Zone Name,Record Type,Record Name,Record Content,Matched Resource,AWS_Account_Name
8fd9427a3d318cf4db0e499eba4b78c8,stockx.io,CNAME,about.staging.stockx.io,staging-stockx-about-lb-824423415.us-east-1.elb.amazonaws.com,Load Balancer,staging-blogs
8fd9427a3d318cf4db0e499eba4b78c8,stockx.io,CNAME,excursions.staging.stockx.io,staging-stockx-excursions-lb-922482819.us-east-1.elb.amazonaws.com,Load Balancer,staging-blogs
8fd9427a3d318cf4db0e499eba4b78c8,stockx.io,CNAME,lp.staging.stockx.io,staging-stockx-lp-lb-2122079969.us-east-1.elb.amazonaws.com,Load Balancer,staging-blogs
8fd9427a3d318cf4db0e499eba4b78c8,stockx.io,CNAME,news.staging.stockx.io,staging-stockx-news-lb-777164634.us-east-1.elb.amazonaws.com,Load Balancer,staging-blogs
6c4ab3b69dcfa4bb3d6a7dda25146ba3,stockx.com,CNAME,abacus.stockx.com,a9a69d5cd9d1111e9accb0e4fe5e0c4d-ca8a68ab8ee9c42f.elb.us-east-1.amazonaws.com,Load Balancer,production-eng
6c4ab3b69dcfa4bb3d6a7dda25146ba3,stockx.com,CNAME,api.stockx.com,d1qtg86l4zarj0.cloudfront.net,API Gateway (Custom Domain),production-eng
6c4ab3b69dcfa4bb3d6a7dda25146ba3,stockx.com,CNAME,gateway.stockx.com,d-yiagdhgffh.execute-api.us-east-1.amazonaws.com,API Gateway (Custom Domain),production-eng
6c4ab3b69dcfa4bb3d6a7dda25146ba3,stockx.com,CNAME,pro.stockx.com,aa56773b89d1511e99c630ace20b4053-18c77533d78bd153.elb.us-east-1.amazonaws.com,Load Balancer,production-eng
6c4ab3b69dcfa4bb3d6a7dda25146ba3,stockx.com,CNAME,stockx.com,aa56773b89d1511e99c630ace20b4053-18c77533d78bd153.elb.us-east-1.amazonaws.com,Load Balancer,production-eng
8fd9427a3d318cf4db0e499eba4b78c8,stockx.io,A,secure.stockx.io,192.0.2.1,API Gateway (Custom Domain),production-eng
8fd9427a3d318cf4db0e499eba4b78c8,stockx.io,CNAME,abacus.stockx.io,a9a69d5cd9d1111e9accb0e4fe5e0c4d-ca8a68ab8ee9c42f.elb.us-east-1.amazonaws.com,Load Balancer,production-eng
8fd9427a3d318cf4db0e499eba4b78c8,stockx.io,CNAME,alkaline-go-runner.production.stockx.io,aa56773b89d1511e99c630ace20b4053-18c77533d78bd153.elb.us-east-1.amazonaws.com,Load Balancer,production-eng
8fd9427a3d318cf4db0e499eba4b78c8,stockx.io,CNAME,authapp-backend.production.stockx.io,a9a69d5cd9d1111e9accb0e4fe5e0c4d-ca8a68ab8ee9c42f.elb.us-east-1.amazonaws.com,Load Balancer,production-eng
8fd9427a3d318cf4db0e499eba4b78c8,stockx.io,CNAME,authapp.stockx.io,aa56773b89d1511e99c630ace20b4053-18c77533d78bd153.elb.us-east-1.amazonaws.com,Load Balancer,production-eng
8fd9427a3d318cf4db0e499eba4b78c8,stockx.io,CNAME,auth-image-collection.production.stockx.io,a9a69d5cd9d1111e9accb0e4fe5e0c4d-ca8a68ab8ee9c42f.elb.us-east-1.amazonaws.com,Load Balancer,production-eng
8fd9427a3d318cf4db0e499eba4b78c8,stockx.io,CNAME,beta.stockx.io,aa56773b89d1511e99c630ace20b4053-18c77533d78bd153.elb.us-east-1.amazonaws.com,Load Balancer,production-eng
8fd9427a3d318cf4db0e499eba4b78c8,stockx.io,CNAME,cit.stockx.io,a9a69d5cd9d1111e9accb0e4fe5e0c4d-ca8a68ab8ee9c42f.elb.us-east-1.amazonaws.com,Load Balancer,production-eng
8fd9427a3d318cf4db0e499eba4b78c8,stockx.io,CNAME,crystal.production.stockx.io,a9a69d5cd9d1111e9accb0e4fe5e0c4d-ca8a68ab8ee9c42f.elb.us-east-1.amazonaws.com,Load Balancer,production-eng
8fd9427a3d318cf4db0e499eba4b78c8,stockx.io,CNAME,drc-admin.production.stockx.io,a9a69d5cd9d1111e9accb0e4fe5e0c4d-ca8a68ab8ee9c42f.elb.us-east-1.amazonaws.com,Load Balancer,production-eng
8fd9427a3d318cf4db0e499eba4b78c8,stockx.io,CNAME,edge-gateway.stockx.io,d3bm37m86okbkb.cloudfront.net,API Gateway (Custom Domain),production-eng
8fd9427a3d318cf4db0e499eba4b78c8,stockx.io,CNAME,encore-backend.production.stockx.io,a9a69d5cd9d1111e9accb0e4fe5e0c4d-ca8a68ab8ee9c42f.elb.us-east-1.amazonaws.com,Load Balancer,production-eng
8fd9427a3d318cf4db0e499eba4b78c8,stockx.io,CNAME,encore.stockx.io,aa56773b89d1511e99c630ace20b4053-18c77533d78bd153.elb.us-east-1.amazonaws.com,Load Balancer,production-eng
8fd9427a3d318cf4db0e499eba4b78c8,stockx.io,CNAME,engtools-backend.stockx.io,a9a69d5cd9d1111e9accb0e4fe5e0c4d-ca8a68ab8ee9c42f.elb.us-east-1.amazonaws.com,Load Balancer,production-eng
8fd9427a3d318cf4db0e499eba4b78c8,stockx.io,CNAME,engtools.stockx.io,aa56773b89d1511e99c630ace20b4053-18c77533d78bd153.elb.us-east-1.amazonaws.com,Load Balancer,production-eng
8fd9427a3d318cf4db0e499eba4b78c8,stockx.io,CNAME,fakebook-api.production.stockx.io,a9a69d5cd9d1111e9accb0e4fe5e0c4d-ca8a68ab8ee9c42f.elb.us-east-1.amazonaws.com,Load Balancer,production-eng
8fd9427a3d318cf4db0e499eba4b78c8,stockx.io,CNAME,gateway-gloo.production.stockx.io,stark-production-gloo-lb-7e5b2a57b2fd6e92.elb.us-east-1.amazonaws.com,Load Balancer,production-eng
8fd9427a3d318cf4db0e499eba4b78c8,stockx.io,CNAME,gateway.stockx.io,d-jp1ttxo3b8.execute-api.us-east-1.amazonaws.com,API Gateway (Custom Domain),production-eng
8fd9427a3d318cf4db0e499eba4b78c8,stockx.io,CNAME,gloo-gateway.production.stockx.io,stark-production-gloo-lb-7e5b2a57b2fd6e92.elb.us-east-1.amazonaws.com,Load Balancer,production-eng
8fd9427a3d318cf4db0e499eba4b78c8,stockx.io,CNAME,grails-async-service.stockx.io,a9a69d5cd9d1111e9accb0e4fe5e0c4d-ca8a68ab8ee9c42f.elb.us-east-1.amazonaws.com,Load Balancer,production-eng
8fd9427a3d318cf4db0e499eba4b78c8,stockx.io,CNAME,grails.production.stockx.io,a9a69d5cd9d1111e9accb0e4fe5e0c4d-ca8a68ab8ee9c42f.elb.us-east-1.amazonaws.com,Load Balancer,production-eng
8fd9427a3d318cf4db0e499eba4b78c8,stockx.io,CNAME,help.production.stockx.io,aa56773b89d1511e99c630ace20b4053-18c77533d78bd153.elb.us-east-1.amazonaws.com,Load Balancer,production-eng
8fd9427a3d318cf4db0e499eba4b78c8,stockx.io,CNAME,ingress-test.production.stockx.io,a9a69d5cd9d1111e9accb0e4fe5e0c4d-ca8a68ab8ee9c42f.elb.us-east-1.amazonaws.com,Load Balancer,production-eng
8fd9427a3d318cf4db0e499eba4b78c8,stockx.io,CNAME,intake.stockx.io,aa56773b89d1511e99c630ace20b4053-18c77533d78bd153.elb.us-east-1.amazonaws.com,Load Balancer,production-eng
8fd9427a3d318cf4db0e499eba4b78c8,stockx.io,CNAME,inventory-api.production.stockx.io,a9a69d5cd9d1111e9accb0e4fe5e0c4d-ca8a68ab8ee9c42f.elb.us-east-1.amazonaws.com,Load Balancer,production-eng
8fd9427a3d318cf4db0e499eba4b78c8,stockx.io,CNAME,iron-next-test.stockx.io,aa56773b89d1511e99c630ace20b4053-18c77533d78bd153.elb.us-east-1.amazonaws.com,Load Balancer,production-eng
8fd9427a3d318cf4db0e499eba4b78c8,stockx.io,CNAME,logistics-rules.stockx.io,aa56773b89d1511e99c630ace20b4053-18c77533d78bd153.elb.us-east-1.amazonaws.com,Load Balancer,production-eng
8fd9427a3d318cf4db0e499eba4b78c8,stockx.io,CNAME,mariotest.stockx.io,a9a69d5cd9d1111e9accb0e4fe5e0c4d-ca8a68ab8ee9c42f.elb.us-east-1.amazonaws.com,Load Balancer,production-eng
8fd9427a3d318cf4db0e499eba4b78c8,stockx.io,CNAME,ops-app-server.production.stockx.io,a9a69d5cd9d1111e9accb0e4fe5e0c4d-ca8a68ab8ee9c42f.elb.us-east-1.amazonaws.com,Load Balancer,production-eng
8fd9427a3d318cf4db0e499eba4b78c8,stockx.io,CNAME,ops-app.stockx.io,a9a69d5cd9d1111e9accb0e4fe5e0c4d-ca8a68ab8ee9c42f.elb.us-east-1.amazonaws.com,Load Balancer,production-eng
8fd9427a3d318cf4db0e499eba4b78c8,stockx.io,CNAME,opstracks.production.stockx.io,a9a69d5cd9d1111e9accb0e4fe5e0c4d-ca8a68ab8ee9c42f.elb.us-east-1.amazonaws.com,Load Balancer,production-eng
8fd9427a3d318cf4db0e499eba4b78c8,stockx.io,CNAME,payments.production.stockx.io,a9a69d5cd9d1111e9accb0e4fe5e0c4d-ca8a68ab8ee9c42f.elb.us-east-1.amazonaws.com,Load Balancer,production-eng
8fd9427a3d318cf4db0e499eba4b78c8,stockx.io,CNAME,qa.stockx.io,aa56773b89d1511e99c630ace20b4053-18c77533d78bd153.elb.us-east-1.amazonaws.com,Load Balancer,production-eng
8fd9427a3d318cf4db0e499eba4b78c8,stockx.io,CNAME,scoutapp.production.stockx.io,a9a69d5cd9d1111e9accb0e4fe5e0c4d-ca8a68ab8ee9c42f.elb.us-east-1.amazonaws.com,Load Balancer,production-eng
8fd9427a3d318cf4db0e499eba4b78c8,stockx.io,CNAME,seller-promotions.production.stockx.io,a9a69d5cd9d1111e9accb0e4fe5e0c4d-ca8a68ab8ee9c42f.elb.us-east-1.amazonaws.com,Load Balancer,production-eng
8fd9427a3d318cf4db0e499eba4b78c8,stockx.io,CNAME,shipments.production.stockx.io,a9a69d5cd9d1111e9accb0e4fe5e0c4d-ca8a68ab8ee9c42f.elb.us-east-1.amazonaws.com,Load Balancer,production-eng
8fd9427a3d318cf4db0e499eba4b78c8,stockx.io,CNAME,sqrl.production.stockx.io,a9a69d5cd9d1111e9accb0e4fe5e0c4d-ca8a68ab8ee9c42f.elb.us-east-1.amazonaws.com,Load Balancer,production-eng
8fd9427a3d318cf4db0e499eba4b78c8,stockx.io,CNAME,vault.service.greyjoy-production.stockx.io,ac23460be9d1511e99c630ace20b4053-e5bb8361c8470dbe.elb.us-east-1.amazonaws.com,Load Balancer,production-eng
8fd9427a3d318cf4db0e499eba4b78c8,stockx.io,CNAME,vault.service.stark-production.stockx.io,ab69bd5989d1111e9accb0e4fe5e0c4d-a534f81ef434ebc1.elb.us-east-1.amazonaws.com,Load Balancer,production-eng
8fd9427a3d318cf4db0e499eba4b78c8,stockx.io,CNAME,verification.stockx.io,aa56773b89d1511e99c630ace20b4053-18c77533d78bd153.elb.us-east-1.amazonaws.com,Load Balancer,production-eng
8fd9427a3d318cf4db0e499eba4b78c8,stockx.io,CNAME,viper-pit.production.stockx.io,aa56773b89d1511e99c630ace20b4053-18c77533d78bd153.elb.us-east-1.amazonaws.com,Load Balancer,production-eng
8fd9427a3d318cf4db0e499eba4b78c8,stockx.io,CNAME,viper.stockx.io,a9a69d5cd9d1111e9accb0e4fe5e0c4d-ca8a68ab8ee9c42f.elb.us-east-1.amazonaws.com,Load Balancer,production-eng
8fd9427a3d318cf4db0e499eba4b78c8,stockx.io,CNAME,waiter.stockx.io,a9a69d5cd9d1111e9accb0e4fe5e0c4d-ca8a68ab8ee9c42f.elb.us-east-1.amazonaws.com,Load Balancer,production-eng
8fd9427a3d318cf4db0e499eba4b78c8,stockx.io,CNAME,warehaus.production.stockx.io,a9a69d5cd9d1111e9accb0e4fe5e0c4d-ca8a68ab8ee9c42f.elb.us-east-1.amazonaws.com,Load Balancer,production-eng
8fd9427a3d318cf4db0e499eba4b78c8,stockx.io,CNAME,warehouse-event-broker.production.stockx.io,a9a69d5cd9d1111e9accb0e4fe5e0c4d-ca8a68ab8ee9c42f.elb.us-east-1.amazonaws.com,Load Balancer,production-eng
8fd9427a3d318cf4db0e499eba4b78c8,stockx.io,CNAME,warehouse-service-authentication-api.production.stockx.io,a9a69d5cd9d1111e9accb0e4fe5e0c4d-ca8a68ab8ee9c42f.elb.us-east-1.amazonaws.com,Load Balancer,production-eng
8fd9427a3d318cf4db0e499eba4b78c8,stockx.io,CNAME,warehouse-service.production.stockx.io,a9a69d5cd9d1111e9accb0e4fe5e0c4d-ca8a68ab8ee9c42f.elb.us-east-1.amazonaws.com,Load Balancer,production-eng
8fd9427a3d318cf4db0e499eba4b78c8,stockx.io,CNAME,xauthapp-backend.production.stockx.io,a9a69d5cd9d1111e9accb0e4fe5e0c4d-ca8a68ab8ee9c42f.elb.us-east-1.amazonaws.com,Load Balancer,production-eng
8fd9427a3d318cf4db0e499eba4b78c8,stockx.io,A,secure.staging.stockx.io,192.0.2.1,API Gateway (Custom Domain),staging-eng
8fd9427a3d318cf4db0e499eba4b78c8,stockx.io,CNAME,address-book.staging.stockx.io,a0901a268b22811e9988e0e2ffbd16e2-7baadc2e29c1d5ab.elb.us-east-1.amazonaws.com,Load Balancer,staging-eng
8fd9427a3d318cf4db0e499eba4b78c8,stockx.io,CNAME,address-service.staging.stockx.io,a0901a268b22811e9988e0e2ffbd16e2-7baadc2e29c1d5ab.elb.us-east-1.amazonaws.com,Load Balancer,staging-eng
8fd9427a3d318cf4db0e499eba4b78c8,stockx.io,CNAME,alkaline-go-runner-pr-5859.preview.stockx.io,a0901a268b22811e9988e0e2ffbd16e2-7baadc2e29c1d5ab.elb.us-east-1.amazonaws.com,Load Balancer,staging-eng
8fd9427a3d318cf4db0e499eba4b78c8,stockx.io,CNAME,alkaline-go-runner.staging.stockx.io,a0901a268b22811e9988e0e2ffbd16e2-7baadc2e29c1d5ab.elb.us-east-1.amazonaws.com,Load Balancer,staging-eng
8fd9427a3d318cf4db0e499eba4b78c8,stockx.io,CNAME,alkaline-nodejs-runner.staging.stockx.io,a0901a268b22811e9988e0e2ffbd16e2-7baadc2e29c1d5ab.elb.us-east-1.amazonaws.com,Load Balancer,staging-eng
8fd9427a3d318cf4db0e499eba4b78c8,stockx.io,CNAME,api-gateway-authorizer.staging.stockx.io,a0901a268b22811e9988e0e2ffbd16e2-7baadc2e29c1d5ab.elb.us-east-1.amazonaws.com,Load Balancer,staging-eng
8fd9427a3d318cf4db0e499eba4b78c8,stockx.io,CNAME,api.staging.stockx.io,d3caay44zbh6om.cloudfront.net,API Gateway (Custom Domain),staging-eng
8fd9427a3d318cf4db0e499eba4b78c8,stockx.io,CNAME,authapp-backend.authapp-backend.staging.stockx.io,a0901a268b22811e9988e0e2ffbd16e2-7baadc2e29c1d5ab.elb.us-east-1.amazonaws.com,Load Balancer,staging-eng
8fd9427a3d318cf4db0e499eba4b78c8,stockx.io,CNAME,authapp-backend.staging.stockx.io,a0901a268b22811e9988e0e2ffbd16e2-7baadc2e29c1d5ab.elb.us-east-1.amazonaws.com,Load Balancer,staging-eng
8fd9427a3d318cf4db0e499eba4b78c8,stockx.io,CNAME,authapp.staging.stockx.io,a0901a268b22811e9988e0e2ffbd16e2-7baadc2e29c1d5ab.elb.us-east-1.amazonaws.com,Load Balancer,staging-eng
8fd9427a3d318cf4db0e499eba4b78c8,stockx.io,CNAME,auth-image-collection.staging.stockx.io,a0901a268b22811e9988e0e2ffbd16e2-7baadc2e29c1d5ab.elb.us-east-1.amazonaws.com,Load Balancer,staging-eng
8fd9427a3d318cf4db0e499eba4b78c8,stockx.io,CNAME,baker-app.staging.stockx.io,a0901a268b22811e9988e0e2ffbd16e2-7baadc2e29c1d5ab.elb.us-east-1.amazonaws.com,Load Balancer,staging-eng
8fd9427a3d318cf4db0e499eba4b78c8,stockx.io,CNAME,batch.staging.stockx.io,a0901a268b22811e9988e0e2ffbd16e2-7baadc2e29c1d5ab.elb.us-east-1.amazonaws.com,Load Balancer,staging-eng
8fd9427a3d318cf4db0e499eba4b78c8,stockx.io,CNAME,bid-ask-decorator.staging.stockx.io,a0901a268b22811e9988e0e2ffbd16e2-7baadc2e29c1d5ab.elb.us-east-1.amazonaws.com,Load Balancer,staging-eng
8fd9427a3d318cf4db0e499eba4b78c8,stockx.io,CNAME,billing-scripting.staging.stockx.io,a0901a268b22811e9988e0e2ffbd16e2-7baadc2e29c1d5ab.elb.us-east-1.amazonaws.com,Load Balancer,staging-eng
8fd9427a3d318cf4db0e499eba4b78c8,stockx.io,CNAME,buyer-enforcement.staging.stockx.io,a0901a268b22811e9988e0e2ffbd16e2-7baadc2e29c1d5ab.elb.us-east-1.amazonaws.com,Load Balancer,staging-eng
8fd9427a3d318cf4db0e499eba4b78c8,stockx.io,CNAME,buyer-policy.staging.stockx.io,a0901a268b22811e9988e0e2ffbd16e2-7baadc2e29c1d5ab.elb.us-east-1.amazonaws.com,Load Balancer,staging-eng
8fd9427a3d318cf4db0e499eba4b78c8,stockx.io,CNAME,buyer-profile.staging.stockx.io,a0901a268b22811e9988e0e2ffbd16e2-7baadc2e29c1d5ab.elb.us-east-1.amazonaws.com,Load Balancer,staging-eng
8fd9427a3d318cf4db0e499eba4b78c8,stockx.io,CNAME,buy-fee-management.staging.stockx.io,a0901a268b22811e9988e0e2ffbd16e2-7baadc2e29c1d5ab.elb.us-east-1.amazonaws.com,Load Balancer,staging-eng
8fd9427a3d318cf4db0e499eba4b78c8,stockx.io,CNAME,carrier.staging.stockx.io,a0901a268b22811e9988e0e2ffbd16e2-7baadc2e29c1d5ab.elb.us-east-1.amazonaws.com,Load Balancer,staging-eng
8fd9427a3d318cf4db0e499eba4b78c8,stockx.io,CNAME,cit-backend.staging.stockx.io,a0901a268b22811e9988e0e2ffbd16e2-7baadc2e29c1d5ab.elb.us-east-1.amazonaws.com,Load Balancer,staging-eng
8fd9427a3d318cf4db0e499eba4b78c8,stockx.io,CNAME,cit-frontend.staging.stockx.io,a0901a268b22811e9988e0e2ffbd16e2-7baadc2e29c1d5ab.elb.us-east-1.amazonaws.com,Load Balancer,staging-eng
8fd9427a3d318cf4db0e499eba4b78c8,stockx.io,CNAME,cit.staging.stockx.io,a0901a268b22811e9988e0e2ffbd16e2-7baadc2e29c1d5ab.elb.us-east-1.amazonaws.com,Load Balancer,staging-eng
8fd9427a3d318cf4db0e499eba4b78c8,stockx.io,CNAME,countries.staging.stockx.io,a0901a268b22811e9988e0e2ffbd16e2-7baadc2e29c1d5ab.elb.us-east-1.amazonaws.com,Load Balancer,staging-eng
8fd9427a3d318cf4db0e499eba4b78c8,stockx.io,CNAME,crystal.staging.stockx.io,a0901a268b22811e9988e0e2ffbd16e2-7baadc2e29c1d5ab.elb.us-east-1.amazonaws.com,Load Balancer,staging-eng
8fd9427a3d318cf4db0e499eba4b78c8,stockx.io,CNAME,cs-coordinator.staging.stockx.io,a0901a268b22811e9988e0e2ffbd16e2-7baadc2e29c1d5ab.elb.us-east-1.amazonaws.com,Load Balancer,staging-eng
8fd9427a3d318cf4db0e499eba4b78c8,stockx.io,CNAME,cs-sync.staging.stockx.io,a0901a268b22811e9988e0e2ffbd16e2-7baadc2e29c1d5ab.elb.us-east-1.amazonaws.com,Load Balancer,staging-eng
8fd9427a3d318cf4db0e499eba4b78c8,stockx.io,CNAME,currency.staging.stockx.io,a0901a268b22811e9988e0e2ffbd16e2-7baadc2e29c1d5ab.elb.us-east-1.amazonaws.com,Load Balancer,staging-eng
8fd9427a3d318cf4db0e499eba4b78c8,stockx.io,CNAME,customer-audiences.staging.stockx.io,a0901a268b22811e9988e0e2ffbd16e2-7baadc2e29c1d5ab.elb.us-east-1.amazonaws.com,Load Balancer,staging-eng
8fd9427a3d318cf4db0e499eba4b78c8,stockx.io,CNAME,customer-documents.staging.stockx.io,a0901a268b22811e9988e0e2ffbd16e2-7baadc2e29c1d5ab.elb.us-east-1.amazonaws.com,Load Balancer,staging-eng
8fd9427a3d318cf4db0e499eba4b78c8,stockx.io,CNAME,digital-ownership-query.staging.stockx.io,a0901a268b22811e9988e0e2ffbd16e2-7baadc2e29c1d5ab.elb.us-east-1.amazonaws.com,Load Balancer,staging-eng
8fd9427a3d318cf4db0e499eba4b78c8,stockx.io,CNAME,digital-ownership.staging.stockx.io,a0901a268b22811e9988e0e2ffbd16e2-7baadc2e29c1d5ab.elb.us-east-1.amazonaws.com,Load Balancer,staging-eng
8fd9427a3d318cf4db0e499eba4b78c8,stockx.io,CNAME,drc-admin.staging.stockx.io,a0901a268b22811e9988e0e2ffbd16e2-7baadc2e29c1d5ab.elb.us-east-1.amazonaws.com,Load Balancer,staging-eng
8fd9427a3d318cf4db0e499eba4b78c8,stockx.io,CNAME,edge-platform-addresses.staging.stockx.io,a0901a268b22811e9988e0e2ffbd16e2-7baadc2e29c1d5ab.elb.us-east-1.amazonaws.com,Load Balancer,staging-eng
8fd9427a3d318cf4db0e499eba4b78c8,stockx.io,CNAME,edge-platform-ads.staging.stockx.io,a0901a268b22811e9988e0e2ffbd16e2-7baadc2e29c1d5ab.elb.us-east-1.amazonaws.com,Load Balancer,staging-eng
8fd9427a3d318cf4db0e499eba4b78c8,stockx.io,CNAME,edge-platform-analytics.staging.stockx.io,a0901a268b22811e9988e0e2ffbd16e2-7baadc2e29c1d5ab.elb.us-east-1.amazonaws.com,Load Balancer,staging-eng
8fd9427a3d318cf4db0e499eba4b78c8,stockx.io,CNAME,edge-platform-asks.staging.stockx.io,a0901a268b22811e9988e0e2ffbd16e2-7baadc2e29c1d5ab.elb.us-east-1.amazonaws.com,Load Balancer,staging-eng
8fd9427a3d318cf4db0e499eba4b78c8,stockx.io,CNAME,edge-platform-automations.staging.stockx.io,a0901a268b22811e9988e0e2ffbd16e2-7baadc2e29c1d5ab.elb.us-east-1.amazonaws.com,Load Balancer,staging-eng
8fd9427a3d318cf4db0e499eba4b78c8,stockx.io,CNAME,edge-platform-banners.staging.stockx.io,a0901a268b22811e9988e0e2ffbd16e2-7baadc2e29c1d5ab.elb.us-east-1.amazonaws.com,Load Balancer,staging-eng
8fd9427a3d318cf4db0e499eba4b78c8,stockx.io,CNAME,edge-platform-bids.staging.stockx.io,a0901a268b22811e9988e0e2ffbd16e2-7baadc2e29c1d5ab.elb.us-east-1.amazonaws.com,Load Balancer,staging-eng
8fd9427a3d318cf4db0e499eba4b78c8,stockx.io,CNAME,edge-platform-buyer.staging.stockx.io,a0901a268b22811e9988e0e2ffbd16e2-7baadc2e29c1d5ab.elb.us-east-1.amazonaws.com,Load Balancer,staging-eng
8fd9427a3d318cf4db0e499eba4b78c8,stockx.io,CNAME,edge-platform-compliance.staging.stockx.io,a0901a268b22811e9988e0e2ffbd16e2-7baadc2e29c1d5ab.elb.us-east-1.amazonaws.com,Load Balancer,staging-eng
8fd9427a3d318cf4db0e499eba4b78c8,stockx.io,CNAME,edge-platform-countries.staging.stockx.io,a0901a268b22811e9988e0e2ffbd16e2-7baadc2e29c1d5ab.elb.us-east-1.amazonaws.com,Load Balancer,staging-eng
8fd9427a3d318cf4db0e499eba4b78c8,stockx.io,CNAME,edge-platform-cs.staging.stockx.io,a0901a268b22811e9988e0e2ffbd16e2-7baadc2e29c1d5ab.elb.us-east-1.amazonaws.com,Load Balancer,staging-eng
8fd9427a3d318cf4db0e499eba4b78c8,stockx.io,CNAME,edge-platform-delivery.staging.stockx.io,a0901a268b22811e9988e0e2ffbd16e2-7baadc2e29c1d5ab.elb.us-east-1.amazonaws.com,Load Balancer,staging-eng
8fd9427a3d318cf4db0e499eba4b78c8,stockx.io,CNAME,edge-platform-digital-ownership.staging.stockx.io,a0901a268b22811e9988e0e2ffbd16e2-7baadc2e29c1d5ab.elb.us-east-1.amazonaws.com,Load Balancer,staging-eng
8fd9427a3d318cf4db0e499eba4b78c8,stockx.io,CNAME,edge-platform-discount-codes.staging.stockx.io,a0901a268b22811e9988e0e2ffbd16e2-7baadc2e29c1d5ab.elb.us-east-1.amazonaws.com,Load Balancer,staging-eng
8fd9427a3d318cf4db0e499eba4b78c8,stockx.io,CNAME,edge-platform-discovery.staging.stockx.io,a0901a268b22811e9988e0e2ffbd16e2-7baadc2e29c1d5ab.elb.us-east-1.amazonaws.com,Load Balancer,staging-eng
8fd9427a3d318cf4db0e499eba4b78c8,stockx.io,CNAME,edge-platform-dynamic-landing-page.staging.stockx.io,a0901a268b22811e9988e0e2ffbd16e2-7baadc2e29c1d5ab.elb.us-east-1.amazonaws.com,Load Balancer,staging-eng
8fd9427a3d318cf4db0e499eba4b78c8,stockx.io,CNAME,edge-platform-experiments.staging.stockx.io,a0901a268b22811e9988e0e2ffbd16e2-7baadc2e29c1d5ab.elb.us-east-1.amazonaws.com,Load Balancer,staging-eng
8fd9427a3d318cf4db0e499eba4b78c8,stockx.io,CNAME,edge-platform-finances.staging.stockx.io,a0901a268b22811e9988e0e2ffbd16e2-7baadc2e29c1d5ab.elb.us-east-1.amazonaws.com,Load Balancer,staging-eng
8fd9427a3d318cf4db0e499eba4b78c8,stockx.io,CNAME,edge-platform-gatekeeper.staging.stockx.io,a0901a268b22811e9988e0e2ffbd16e2-7baadc2e29c1d5ab.elb.us-east-1.amazonaws.com,Load Balancer,staging-eng
8fd9427a3d318cf4db0e499eba4b78c8,stockx.io,CNAME,edge-platform-gift-cards.staging.stockx.io,a0901a268b22811e9988e0e2ffbd16e2-7baadc2e29c1d5ab.elb.us-east-1.amazonaws.com,Load Balancer,staging-eng
8fd9427a3d318cf4db0e499eba4b78c8,stockx.io,CNAME,edge-platform-inbox.staging.stockx.io,a0901a268b22811e9988e0e2ffbd16e2-7baadc2e29c1d5ab.elb.us-east-1.amazonaws.com,Load Balancer,staging-eng
8fd9427a3d318cf4db0e499eba4b78c8,stockx.io,CNAME,edge-platform-layout.staging.stockx.io,a0901a268b22811e9988e0e2ffbd16e2-7baadc2e29c1d5ab.elb.us-east-1.amazonaws.com,Load Balancer,staging-eng
8fd9427a3d318cf4db0e499eba4b78c8,stockx.io,CNAME,edge-platform-listings.staging.stockx.io,a0901a268b22811e9988e0e2ffbd16e2-7baadc2e29c1d5ab.elb.us-east-1.amazonaws.com,Load Balancer,staging-eng
8fd9427a3d318cf4db0e499eba4b78c8,stockx.io,CNAME,edge-platform-lists.staging.stockx.io,a0901a268b22811e9988e0e2ffbd16e2-7baadc2e29c1d5ab.elb.us-east-1.amazonaws.com,Load Balancer,staging-eng
8fd9427a3d318cf4db0e499eba4b78c8,stockx.io,CNAME,edge-platform-location.staging.stockx.io,a0901a268b22811e9988e0e2ffbd16e2-7baadc2e29c1d5ab.elb.us-east-1.amazonaws.com,Load Balancer,staging-eng
8fd9427a3d318cf4db0e499eba4b78c8,stockx.io,CNAME,edge-platform-logistics-rules-engine.staging.stockx.io,a0901a268b22811e9988e0e2ffbd16e2-7baadc2e29c1d5ab.elb.us-east-1.amazonaws.com,Load Balancer,staging-eng
8fd9427a3d318cf4db0e499eba4b78c8,stockx.io,CNAME,edge-platform-manifest.staging.stockx.io,a0901a268b22811e9988e0e2ffbd16e2-7baadc2e29c1d5ab.elb.us-east-1.amazonaws.com,Load Balancer,staging-eng
8fd9427a3d318cf4db0e499eba4b78c8,stockx.io,CNAME,edge-platform-market.staging.stockx.io,a0901a268b22811e9988e0e2ffbd16e2-7baadc2e29c1d5ab.elb.us-east-1.amazonaws.com,Load Balancer,staging-eng
8fd9427a3d318cf4db0e499eba4b78c8,stockx.io,CNAME,edge-platform-meta-tags-override.staging.stockx.io,a0901a268b22811e9988e0e2ffbd16e2-7baadc2e29c1d5ab.elb.us-east-1.amazonaws.com,Load Balancer,staging-eng
8fd9427a3d318cf4db0e499eba4b78c8,stockx.io,CNAME,edge-platform-news.staging.stockx.io,a0901a268b22811e9988e0e2ffbd16e2-7baadc2e29c1d5ab.elb.us-east-1.amazonaws.com,Load Balancer,staging-eng
8fd9427a3d318cf4db0e499eba4b78c8,stockx.io,CNAME,edge-platform-nft-management.staging.stockx.io,a0901a268b22811e9988e0e2ffbd16e2-7baadc2e29c1d5ab.elb.us-east-1.amazonaws.com,Load Balancer,staging-eng
8fd9427a3d318cf4db0e499eba4b78c8,stockx.io,CNAME,edge-platform-notification-subscriptions.staging.stockx.io,a0901a268b22811e9988e0e2ffbd16e2-7baadc2e29c1d5ab.elb.us-east-1.amazonaws.com,Load Balancer,staging-eng
8fd9427a3d318cf4db0e499eba4b78c8,stockx.io,CNAME,edge-platform-onboarding.staging.stockx.io,a0901a268b22811e9988e0e2ffbd16e2-7baadc2e29c1d5ab.elb.us-east-1.amazonaws.com,Load Balancer,staging-eng
8fd9427a3d318cf4db0e499eba4b78c8,stockx.io,CNAME,edge-platform-order.staging.stockx.io,a0901a268b22811e9988e0e2ffbd16e2-7baadc2e29c1d5ab.elb.us-east-1.amazonaws.com,Load Balancer,staging-eng
8fd9427a3d318cf4db0e499eba4b78c8,stockx.io,CNAME,edge-platform-payments.staging.stockx.io,a0901a268b22811e9988e0e2ffbd16e2-7baadc2e29c1d5ab.elb.us-east-1.amazonaws.com,Load Balancer,staging-eng
8fd9427a3d318cf4db0e499eba4b78c8,stockx.io,CNAME,edge-platform-portfolio-item.staging.stockx.io,a0901a268b22811e9988e0e2ffbd16e2-7baadc2e29c1d5ab.elb.us-east-1.amazonaws.com,Load Balancer,staging-eng
8fd9427a3d318cf4db0e499eba4b78c8,stockx.io,CNAME,edge-platform-pricing-guidance.staging.stockx.io,a0901a268b22811e9988e0e2ffbd16e2-7baadc2e29c1d5ab.elb.us-east-1.amazonaws.com,Load Balancer,staging-eng
8fd9427a3d318cf4db0e499eba4b78c8,stockx.io,CNAME,edge-platform-pricing.staging.stockx.io,a0901a268b22811e9988e0e2ffbd16e2-7baadc2e29c1d5ab.elb.us-east-1.amazonaws.com,Load Balancer,staging-eng
8fd9427a3d318cf4db0e499eba4b78c8,stockx.io,CNAME,edge-platform-product-listings.staging.stockx.io,a0901a268b22811e9988e0e2ffbd16e2-7baadc2e29c1d5ab.elb.us-east-1.amazonaws.com,Load Balancer,staging-eng
8fd9427a3d318cf4db0e499eba4b78c8,stockx.io,CNAME,edge-platform-products.staging.stockx.io,a0901a268b22811e9988e0e2ffbd16e2-7baadc2e29c1d5ab.elb.us-east-1.amazonaws.com,Load Balancer,staging-eng
8fd9427a3d318cf4db0e499eba4b78c8,stockx.io,CNAME,edge-platform-promotions.staging.stockx.io,a0901a268b22811e9988e0e2ffbd16e2-7baadc2e29c1d5ab.elb.us-east-1.amazonaws.com,Load Balancer,staging-eng
8fd9427a3d318cf4db0e499eba4b78c8,stockx.io,CNAME,edge-platform-seller.staging.stockx.io,a0901a268b22811e9988e0e2ffbd16e2-7baadc2e29c1d5ab.elb.us-east-1.amazonaws.com,Load Balancer,staging-eng
8fd9427a3d318cf4db0e499eba4b78c8,stockx.io,CNAME,edge-platform-shipments.staging.stockx.io,a0901a268b22811e9988e0e2ffbd16e2-7baadc2e29c1d5ab.elb.us-east-1.amazonaws.com,Load Balancer,staging-eng
8fd9427a3d318cf4db0e499eba4b78c8,stockx.io,CNAME,edge-platform.staging.stockx.io,a0901a268b22811e9988e0e2ffbd16e2-7baadc2e29c1d5ab.elb.us-east-1.amazonaws.com,Load Balancer,staging-eng
8fd9427a3d318cf4db0e499eba4b78c8,stockx.io,CNAME,edge-platform-user-prize.staging.stockx.io,a0901a268b22811e9988e0e2ffbd16e2-7baadc2e29c1d5ab.elb.us-east-1.amazonaws.com,Load Balancer,staging-eng
8fd9427a3d318cf4db0e499eba4b78c8,stockx.io,CNAME,edge-platform-user.staging.stockx.io,a0901a268b22811e9988e0e2ffbd16e2-7baadc2e29c1d5ab.elb.us-east-1.amazonaws.com,Load Balancer,staging-eng
8fd9427a3d318cf4db0e499eba4b78c8,stockx.io,CNAME,edge-x.staging.stockx.io,a0901a268b22811e9988e0e2ffbd16e2-7baadc2e29c1d5ab.elb.us-east-1.amazonaws.com,Load Balancer,staging-eng
8fd9427a3d318cf4db0e499eba4b78c8,stockx.io,CNAME,encore-backend.staging.stockx.io,a0901a268b22811e9988e0e2ffbd16e2-7baadc2e29c1d5ab.elb.us-east-1.amazonaws.com,Load Balancer,staging-eng
8fd9427a3d318cf4db0e499eba4b78c8,stockx.io,CNAME,encore-pr-1542.preview.stockx.io,a0901a268b22811e9988e0e2ffbd16e2-7baadc2e29c1d5ab.elb.us-east-1.amazonaws.com,Load Balancer,staging-eng
8fd9427a3d318cf4db0e499eba4b78c8,stockx.io,CNAME,encore.staging.stockx.io,a0901a268b22811e9988e0e2ffbd16e2-7baadc2e29c1d5ab.elb.us-east-1.amazonaws.com,Load Balancer,staging-eng
8fd9427a3d318cf4db0e499eba4b78c8,stockx.io,CNAME,engtools-backend.staging.stockx.io,a0901a268b22811e9988e0e2ffbd16e2-7baadc2e29c1d5ab.elb.us-east-1.amazonaws.com,Load Balancer,staging-eng
8fd9427a3d318cf4db0e499eba4b78c8,stockx.io,CNAME,engtools.staging.stockx.io,a0901a268b22811e9988e0e2ffbd16e2-7baadc2e29c1d5ab.elb.us-east-1.amazonaws.com,Load Balancer,staging-eng
8fd9427a3d318cf4db0e499eba4b78c8,stockx.io,CNAME,event-processor-market-consumer.staging.stockx.io,a0901a268b22811e9988e0e2ffbd16e2-7baadc2e29c1d5ab.elb.us-east-1.amazonaws.com,Load Balancer,staging-eng
8fd9427a3d318cf4db0e499eba4b78c8,stockx.io,CNAME,event-processor.staging.stockx.io,a0901a268b22811e9988e0e2ffbd16e2-7baadc2e29c1d5ab.elb.us-east-1.amazonaws.com,Load Balancer,staging-eng
8fd9427a3d318cf4db0e499eba4b78c8,stockx.io,CNAME,fakebook-api.staging.stockx.io,a0901a268b22811e9988e0e2ffbd16e2-7baadc2e29c1d5ab.elb.us-east-1.amazonaws.com,Load Balancer,staging-eng
8fd9427a3d318cf4db0e499eba4b78c8,stockx.io,CNAME,freighter.staging.stockx.io,a0901a268b22811e9988e0e2ffbd16e2-7baadc2e29c1d5ab.elb.us-east-1.amazonaws.com,Load Balancer,staging-eng
8fd9427a3d318cf4db0e499eba4b78c8,stockx.io,CNAME,gatekeeper.staging.stockx.io,a0901a268b22811e9988e0e2ffbd16e2-7baadc2e29c1d5ab.elb.us-east-1.amazonaws.com,Load Balancer,staging-eng
8fd9427a3d318cf4db0e499eba4b78c8,stockx.io,CNAME,gateway-gloo.staging.stockx.io,arryn-staging-redux-gloo-lb-014241d310bfc1c6.elb.us-east-1.amazonaws.com,Load Balancer,staging-eng
8fd9427a3d318cf4db0e499eba4b78c8,stockx.io,CNAME,gateway.staging.stockx.io,d-98lfrulerh.execute-api.us-east-1.amazonaws.com,API Gateway (Custom Domain),staging-eng
8fd9427a3d318cf4db0e499eba4b78c8,stockx.io,CNAME,gloo-gateway.staging.stockx.io,arryn-staging-redux-gloo-lb-014241d310bfc1c6.elb.us-east-1.amazonaws.com,Load Balancer,staging-eng
8fd9427a3d318cf4db0e499eba4b78c8,stockx.io,CNAME,grails.staging.stockx.io,a0901a268b22811e9988e0e2ffbd16e2-7baadc2e29c1d5ab.elb.us-east-1.amazonaws.com,Load Balancer,staging-eng
8fd9427a3d318cf4db0e499eba4b78c8,stockx.io,CNAME,help.staging.stockx.io,a0901a268b22811e9988e0e2ffbd16e2-7baadc2e29c1d5ab.elb.us-east-1.amazonaws.com,Load Balancer,staging-eng
8fd9427a3d318cf4db0e499eba4b78c8,stockx.io,CNAME,html-to-pdf.staging.stockx.io,a0901a268b22811e9988e0e2ffbd16e2-7baadc2e29c1d5ab.elb.us-east-1.amazonaws.com,Load Balancer,staging-eng
8fd9427a3d318cf4db0e499eba4b78c8,stockx.io,CNAME,image-search.staging.stockx.io,a0901a268b22811e9988e0e2ffbd16e2-7baadc2e29c1d5ab.elb.us-east-1.amazonaws.com,Load Balancer,staging-eng
8fd9427a3d318cf4db0e499eba4b78c8,stockx.io,CNAME,intake-pr-749.preview.stockx.io,a0901a268b22811e9988e0e2ffbd16e2-7baadc2e29c1d5ab.elb.us-east-1.amazonaws.com,Load Balancer,staging-eng
8fd9427a3d318cf4db0e499eba4b78c8,stockx.io,CNAME,intake-pr-760.preview.stockx.io,a0901a268b22811e9988e0e2ffbd16e2-7baadc2e29c1d5ab.elb.us-east-1.amazonaws.com,Load Balancer,staging-eng
8fd9427a3d318cf4db0e499eba4b78c8,stockx.io,CNAME,intake-pr-772.preview.stockx.io,a0901a268b22811e9988e0e2ffbd16e2-7baadc2e29c1d5ab.elb.us-east-1.amazonaws.com,Load Balancer,staging-eng
8fd9427a3d318cf4db0e499eba4b78c8,stockx.io,CNAME,intake-pr-773.preview.stockx.io,a0901a268b22811e9988e0e2ffbd16e2-7baadc2e29c1d5ab.elb.us-east-1.amazonaws.com,Load Balancer,staging-eng
8fd9427a3d318cf4db0e499eba4b78c8,stockx.io,CNAME,intake-pr-788.preview.stockx.io,a0901a268b22811e9988e0e2ffbd16e2-7baadc2e29c1d5ab.elb.us-east-1.amazonaws.com,Load Balancer,staging-eng
8fd9427a3d318cf4db0e499eba4b78c8,stockx.io,CNAME,intake-pr-789.preview.stockx.io,a0901a268b22811e9988e0e2ffbd16e2-7baadc2e29c1d5ab.elb.us-east-1.amazonaws.com,Load Balancer,staging-eng
8fd9427a3d318cf4db0e499eba4b78c8,stockx.io,CNAME,intake-pr-790.preview.stockx.io,a0901a268b22811e9988e0e2ffbd16e2-7baadc2e29c1d5ab.elb.us-east-1.amazonaws.com,Load Balancer,staging-eng
8fd9427a3d318cf4db0e499eba4b78c8,stockx.io,CNAME,intake-pr-795.preview.stockx.io,a0901a268b22811e9988e0e2ffbd16e2-7baadc2e29c1d5ab.elb.us-east-1.amazonaws.com,Load Balancer,staging-eng
8fd9427a3d318cf4db0e499eba4b78c8,stockx.io,CNAME,intake-pr-805.preview.stockx.io,a0901a268b22811e9988e0e2ffbd16e2-7baadc2e29c1d5ab.elb.us-east-1.amazonaws.com,Load Balancer,staging-eng
8fd9427a3d318cf4db0e499eba4b78c8,stockx.io,CNAME,intake-pr-820.preview.stockx.io,a0901a268b22811e9988e0e2ffbd16e2-7baadc2e29c1d5ab.elb.us-east-1.amazonaws.com,Load Balancer,staging-eng
8fd9427a3d318cf4db0e499eba4b78c8,stockx.io,CNAME,intake-pr-822.preview.stockx.io,a0901a268b22811e9988e0e2ffbd16e2-7baadc2e29c1d5ab.elb.us-east-1.amazonaws.com,Load Balancer,staging-eng
8fd9427a3d318cf4db0e499eba4b78c8,stockx.io,CNAME,intake-pr-824.preview.stockx.io,a0901a268b22811e9988e0e2ffbd16e2-7baadc2e29c1d5ab.elb.us-east-1.amazonaws.com,Load Balancer,staging-eng
8fd9427a3d318cf4db0e499eba4b78c8,stockx.io,CNAME,intake-pr-825.preview.stockx.io,a0901a268b22811e9988e0e2ffbd16e2-7baadc2e29c1d5ab.elb.us-east-1.amazonaws.com,Load Balancer,staging-eng
8fd9427a3d318cf4db0e499eba4b78c8,stockx.io,CNAME,intake-pr-826.preview.stockx.io,a0901a268b22811e9988e0e2ffbd16e2-7baadc2e29c1d5ab.elb.us-east-1.amazonaws.com,Load Balancer,staging-eng
8fd9427a3d318cf4db0e499eba4b78c8,stockx.io,CNAME,intake-pr-827.preview.stockx.io,a0901a268b22811e9988e0e2ffbd16e2-7baadc2e29c1d5ab.elb.us-east-1.amazonaws.com,Load Balancer,staging-eng
8fd9427a3d318cf4db0e499eba4b78c8,stockx.io,CNAME,intake.staging.stockx.io,a0901a268b22811e9988e0e2ffbd16e2-7baadc2e29c1d5ab.elb.us-east-1.amazonaws.com,Load Balancer,staging-eng
8fd9427a3d318cf4db0e499eba4b78c8,stockx.io,CNAME,international-holiday-calendar.staging.stockx.io,a0901a268b22811e9988e0e2ffbd16e2-7baadc2e29c1d5ab.elb.us-east-1.amazonaws.com,Load Balancer,staging-eng
8fd9427a3d318cf4db0e499eba4b78c8,stockx.io,CNAME,inventory-api.staging.stockx.io,a0901a268b22811e9988e0e2ffbd16e2-7baadc2e29c1d5ab.elb.us-east-1.amazonaws.com,Load Balancer,staging-eng
8fd9427a3d318cf4db0e499eba4b78c8,stockx.io,CNAME,iron-pr-12075.preview.stockx.io,a0901a268b22811e9988e0e2ffbd16e2-7baadc2e29c1d5ab.elb.us-east-1.amazonaws.com,Load Balancer,staging-eng
8fd9427a3d318cf4db0e499eba4b78c8,stockx.io,CNAME,iron-pr-12087.preview.stockx.io,a0901a268b22811e9988e0e2ffbd16e2-7baadc2e29c1d5ab.elb.us-east-1.amazonaws.com,Load Balancer,staging-eng
8fd9427a3d318cf4db0e499eba4b78c8,stockx.io,CNAME,iron-pr-12091.preview.stockx.io,a0901a268b22811e9988e0e2ffbd16e2-7baadc2e29c1d5ab.elb.us-east-1.amazonaws.com,Load Balancer,staging-eng
8fd9427a3d318cf4db0e499eba4b78c8,stockx.io,CNAME,iron-pr-12100.preview.stockx.io,a0901a268b22811e9988e0e2ffbd16e2-7baadc2e29c1d5ab.elb.us-east-1.amazonaws.com,Load Balancer,staging-eng
8fd9427a3d318cf4db0e499eba4b78c8,stockx.io,CNAME,iron-pr-12103.preview.stockx.io,a0901a268b22811e9988e0e2ffbd16e2-7baadc2e29c1d5ab.elb.us-east-1.amazonaws.com,Load Balancer,staging-eng
8fd9427a3d318cf4db0e499eba4b78c8,stockx.io,CNAME,iron-pr-12107.preview.stockx.io,a0901a268b22811e9988e0e2ffbd16e2-7baadc2e29c1d5ab.elb.us-east-1.amazonaws.com,Load Balancer,staging-eng
8fd9427a3d318cf4db0e499eba4b78c8,stockx.io,CNAME,iron-pr-12109.preview.stockx.io,a0901a268b22811e9988e0e2ffbd16e2-7baadc2e29c1d5ab.elb.us-east-1.amazonaws.com,Load Balancer,staging-eng
8fd9427a3d318cf4db0e499eba4b78c8,stockx.io,CNAME,iron-pr-12110.preview.stockx.io,a0901a268b22811e9988e0e2ffbd16e2-7baadc2e29c1d5ab.elb.us-east-1.amazonaws.com,Load Balancer,staging-eng
8fd9427a3d318cf4db0e499eba4b78c8,stockx.io,CNAME,iron-pr-12113.preview.stockx.io,a0901a268b22811e9988e0e2ffbd16e2-7baadc2e29c1d5ab.elb.us-east-1.amazonaws.com,Load Balancer,staging-eng
8fd9427a3d318cf4db0e499eba4b78c8,stockx.io,CNAME,iron-pr-12119.preview.stockx.io,a0901a268b22811e9988e0e2ffbd16e2-7baadc2e29c1d5ab.elb.us-east-1.amazonaws.com,Load Balancer,staging-eng
8fd9427a3d318cf4db0e499eba4b78c8,stockx.io,CNAME,iron-pr-12126.preview.stockx.io,a0901a268b22811e9988e0e2ffbd16e2-7baadc2e29c1d5ab.elb.us-east-1.amazonaws.com,Load Balancer,staging-eng
8fd9427a3d318cf4db0e499eba4b78c8,stockx.io,CNAME,iron-pr-12131.preview.stockx.io,a0901a268b22811e9988e0e2ffbd16e2-7baadc2e29c1d5ab.elb.us-east-1.amazonaws.com,Load Balancer,staging-eng
8fd9427a3d318cf4db0e499eba4b78c8,stockx.io,CNAME,iron-pr-12144.staging.stockx.io,a0901a268b22811e9988e0e2ffbd16e2-7baadc2e29c1d5ab.elb.us-east-1.amazonaws.com,Load Balancer,staging-eng
8fd9427a3d318cf4db0e499eba4b78c8,stockx.io,CNAME,iron-pr-12172.preview.stockx.io,a0901a268b22811e9988e0e2ffbd16e2-7baadc2e29c1d5ab.elb.us-east-1.amazonaws.com,Load Balancer,staging-eng
8fd9427a3d318cf4db0e499eba4b78c8,stockx.io,CNAME,iron-pr-12173.preview.stockx.io,a0901a268b22811e9988e0e2ffbd16e2-7baadc2e29c1d5ab.elb.us-east-1.amazonaws.com,Load Balancer,staging-eng
8fd9427a3d318cf4db0e499eba4b78c8,stockx.io,CNAME,iron-pr-12176.preview.stockx.io,a0901a268b22811e9988e0e2ffbd16e2-7baadc2e29c1d5ab.elb.us-east-1.amazonaws.com,Load Balancer,staging-eng
8fd9427a3d318cf4db0e499eba4b78c8,stockx.io,CNAME,iron-pr-12177.preview.stockx.io,a0901a268b22811e9988e0e2ffbd16e2-7baadc2e29c1d5ab.elb.us-east-1.amazonaws.com,Load Balancer,staging-eng
8fd9427a3d318cf4db0e499eba4b78c8,stockx.io,CNAME,iron-pr-12182.preview.stockx.io,a0901a268b22811e9988e0e2ffbd16e2-7baadc2e29c1d5ab.elb.us-east-1.amazonaws.com,Load Balancer,staging-eng
8fd9427a3d318cf4db0e499eba4b78c8,stockx.io,CNAME,iron-pr-12191.preview.stockx.io,a0901a268b22811e9988e0e2ffbd16e2-7baadc2e29c1d5ab.elb.us-east-1.amazonaws.com,Load Balancer,staging-eng
8fd9427a3d318cf4db0e499eba4b78c8,stockx.io,CNAME,iron-pr-12206.preview.stockx.io,a0901a268b22811e9988e0e2ffbd16e2-7baadc2e29c1d5ab.elb.us-east-1.amazonaws.com,Load Balancer,staging-eng
8fd9427a3d318cf4db0e499eba4b78c8,stockx.io,CNAME,iron-pr-12219.staging.stockx.io,a0901a268b22811e9988e0e2ffbd16e2-7baadc2e29c1d5ab.elb.us-east-1.amazonaws.com,Load Balancer,staging-eng
8fd9427a3d318cf4db0e499eba4b78c8,stockx.io,CNAME,iron-pr-12253.staging.stockx.io,a0901a268b22811e9988e0e2ffbd16e2-7baadc2e29c1d5ab.elb.us-east-1.amazonaws.com,Load Balancer,staging-eng
8fd9427a3d318cf4db0e499eba4b78c8,stockx.io,CNAME,iron-pr-12259.staging.stockx.io,a0901a268b22811e9988e0e2ffbd16e2-7baadc2e29c1d5ab.elb.us-east-1.amazonaws.com,Load Balancer,staging-eng
8fd9427a3d318cf4db0e499eba4b78c8,stockx.io,CNAME,iron-pr-12267.staging.stockx.io,a0901a268b22811e9988e0e2ffbd16e2-7baadc2e29c1d5ab.elb.us-east-1.amazonaws.com,Load Balancer,staging-eng
8fd9427a3d318cf4db0e499eba4b78c8,stockx.io,CNAME,iron-pr-12280.staging.stockx.io,a0901a268b22811e9988e0e2ffbd16e2-7baadc2e29c1d5ab.elb.us-east-1.amazonaws.com,Load Balancer,staging-eng
8fd9427a3d318cf4db0e499eba4b78c8,stockx.io,CNAME,iron-pr-12295.staging.stockx.io,a0901a268b22811e9988e0e2ffbd16e2-7baadc2e29c1d5ab.elb.us-east-1.amazonaws.com,Load Balancer,staging-eng
8fd9427a3d318cf4db0e499eba4b78c8,stockx.io,CNAME,iron-pr-12301.staging.stockx.io,a0901a268b22811e9988e0e2ffbd16e2-7baadc2e29c1d5ab.elb.us-east-1.amazonaws.com,Load Balancer,staging-eng
8fd9427a3d318cf4db0e499eba4b78c8,stockx.io,CNAME,iron-pr-12313.staging.stockx.io,a0901a268b22811e9988e0e2ffbd16e2-7baadc2e29c1d5ab.elb.us-east-1.amazonaws.com,Load Balancer,staging-eng
8fd9427a3d318cf4db0e499eba4b78c8,stockx.io,CNAME,iron-pr-13666.staging.stockx.io,a0901a268b22811e9988e0e2ffbd16e2-7baadc2e29c1d5ab.elb.us-east-1.amazonaws.com,Load Balancer,staging-eng
8fd9427a3d318cf4db0e499eba4b78c8,stockx.io,CNAME,iron-pr-13668.staging.stockx.io,a0901a268b22811e9988e0e2ffbd16e2-7baadc2e29c1d5ab.elb.us-east-1.amazonaws.com,Load Balancer,staging-eng
8fd9427a3d318cf4db0e499eba4b78c8,stockx.io,CNAME,iron-pr-13673.staging.stockx.io,a0901a268b22811e9988e0e2ffbd16e2-7baadc2e29c1d5ab.elb.us-east-1.amazonaws.com,Load Balancer,staging-eng
8fd9427a3d318cf4db0e499eba4b78c8,stockx.io,CNAME,iron-pr-13676.staging.stockx.io,a0901a268b22811e9988e0e2ffbd16e2-7baadc2e29c1d5ab.elb.us-east-1.amazonaws.com,Load Balancer,staging-eng
8fd9427a3d318cf4db0e499eba4b78c8,stockx.io,CNAME,iron-pr-13847.staging.stockx.io,a0901a268b22811e9988e0e2ffbd16e2-7baadc2e29c1d5ab.elb.us-east-1.amazonaws.com,Load Balancer,staging-eng
8fd9427a3d318cf4db0e499eba4b78c8,stockx.io,CNAME,iron-pr-13866.staging.stockx.io,a0901a268b22811e9988e0e2ffbd16e2-7baadc2e29c1d5ab.elb.us-east-1.amazonaws.com,Load Balancer,staging-eng
8fd9427a3d318cf4db0e499eba4b78c8,stockx.io,CNAME,iron-pr-13872.staging.stockx.io,a0901a268b22811e9988e0e2ffbd16e2-7baadc2e29c1d5ab.elb.us-east-1.amazonaws.com,Load Balancer,staging-eng
8fd9427a3d318cf4db0e499eba4b78c8,stockx.io,CNAME,iron-pr-13876.staging.stockx.io,a0901a268b22811e9988e0e2ffbd16e2-7baadc2e29c1d5ab.elb.us-east-1.amazonaws.com,Load Balancer,staging-eng
8fd9427a3d318cf4db0e499eba4b78c8,stockx.io,CNAME,iron-pr-13879.staging.stockx.io,a0901a268b22811e9988e0e2ffbd16e2-7baadc2e29c1d5ab.elb.us-east-1.amazonaws.com,Load Balancer,staging-eng
8fd9427a3d318cf4db0e499eba4b78c8,stockx.io,CNAME,iron-pr-13883.staging.stockx.io,a0901a268b22811e9988e0e2ffbd16e2-7baadc2e29c1d5ab.elb.us-east-1.amazonaws.com,Load Balancer,staging-eng
8fd9427a3d318cf4db0e499eba4b78c8,stockx.io,CNAME,iron-pr-13895.staging.stockx.io,a0901a268b22811e9988e0e2ffbd16e2-7baadc2e29c1d5ab.elb.us-east-1.amazonaws.com,Load Balancer,staging-eng
8fd9427a3d318cf4db0e499eba4b78c8,stockx.io,CNAME,iron-pr-13902.staging.stockx.io,a0901a268b22811e9988e0e2ffbd16e2-7baadc2e29c1d5ab.elb.us-east-1.amazonaws.com,Load Balancer,staging-eng
8fd9427a3d318cf4db0e499eba4b78c8,stockx.io,CNAME,iron-pr-13914.staging.stockx.io,a0901a268b22811e9988e0e2ffbd16e2-7baadc2e29c1d5ab.elb.us-east-1.amazonaws.com,Load Balancer,staging-eng
8fd9427a3d318cf4db0e499eba4b78c8,stockx.io,CNAME,iron-pr-13972.staging.stockx.io,a0901a268b22811e9988e0e2ffbd16e2-7baadc2e29c1d5ab.elb.us-east-1.amazonaws.com,Load Balancer,staging-eng
8fd9427a3d318cf4db0e499eba4b78c8,stockx.io,CNAME,iron-pr-14016.staging.stockx.io,a0901a268b22811e9988e0e2ffbd16e2-7baadc2e29c1d5ab.elb.us-east-1.amazonaws.com,Load Balancer,staging-eng
8fd9427a3d318cf4db0e499eba4b78c8,stockx.io,CNAME,iron-pr-14028.staging.stockx.io,a0901a268b22811e9988e0e2ffbd16e2-7baadc2e29c1d5ab.elb.us-east-1.amazonaws.com,Load Balancer,staging-eng
8fd9427a3d318cf4db0e499eba4b78c8,stockx.io,CNAME,iron-pr-14030.staging.stockx.io,a0901a268b22811e9988e0e2ffbd16e2-7baadc2e29c1d5ab.elb.us-east-1.amazonaws.com,Load Balancer,staging-eng
8fd9427a3d318cf4db0e499eba4b78c8,stockx.io,CNAME,iron-pr-14033.staging.stockx.io,a0901a268b22811e9988e0e2ffbd16e2-7baadc2e29c1d5ab.elb.us-east-1.amazonaws.com,Load Balancer,staging-eng
8fd9427a3d318cf4db0e499eba4b78c8,stockx.io,CNAME,iron-pr-14040.staging.stockx.io,a0901a268b22811e9988e0e2ffbd16e2-7baadc2e29c1d5ab.elb.us-east-1.amazonaws.com,Load Balancer,staging-eng
8fd9427a3d318cf4db0e499eba4b78c8,stockx.io,CNAME,iron-pr-14044.staging.stockx.io,a0901a268b22811e9988e0e2ffbd16e2-7baadc2e29c1d5ab.elb.us-east-1.amazonaws.com,Load Balancer,staging-eng
8fd9427a3d318cf4db0e499eba4b78c8,stockx.io,CNAME,iron-pr-14055.staging.stockx.io,a0901a268b22811e9988e0e2ffbd16e2-7baadc2e29c1d5ab.elb.us-east-1.amazonaws.com,Load Balancer,staging-eng
8fd9427a3d318cf4db0e499eba4b78c8,stockx.io,CNAME,iron-pr-14084.staging.stockx.io,a0901a268b22811e9988e0e2ffbd16e2-7baadc2e29c1d5ab.elb.us-east-1.amazonaws.com,Load Balancer,staging-eng
8fd9427a3d318cf4db0e499eba4b78c8,stockx.io,CNAME,iron-pr-14109.staging.stockx.io,a0901a268b22811e9988e0e2ffbd16e2-7baadc2e29c1d5ab.elb.us-east-1.amazonaws.com,Load Balancer,staging-eng
8fd9427a3d318cf4db0e499eba4b78c8,stockx.io,CNAME,iron-pr-14125.staging.stockx.io,a0901a268b22811e9988e0e2ffbd16e2-7baadc2e29c1d5ab.elb.us-east-1.amazonaws.com,Load Balancer,staging-eng
8fd9427a3d318cf4db0e499eba4b78c8,stockx.io,CNAME,iron-pr-14129.staging.stockx.io,a0901a268b22811e9988e0e2ffbd16e2-7baadc2e29c1d5ab.elb.us-east-1.amazonaws.com,Load Balancer,staging-eng
8fd9427a3d318cf4db0e499eba4b78c8,stockx.io,CNAME,iron-pr-14157.staging.stockx.io,a0901a268b22811e9988e0e2ffbd16e2-7baadc2e29c1d5ab.elb.us-east-1.amazonaws.com,Load Balancer,staging-eng
8fd9427a3d318cf4db0e499eba4b78c8,stockx.io,CNAME,iron-pr-14172.staging.stockx.io,a0901a268b22811e9988e0e2ffbd16e2-7baadc2e29c1d5ab.elb.us-east-1.amazonaws.com,Load Balancer,staging-eng
8fd9427a3d318cf4db0e499eba4b78c8,stockx.io,CNAME,iron-pr-14180.staging.stockx.io,a0901a268b22811e9988e0e2ffbd16e2-7baadc2e29c1d5ab.elb.us-east-1.amazonaws.com,Load Balancer,staging-eng
8fd9427a3d318cf4db0e499eba4b78c8,stockx.io,CNAME,iron-pr-14190.staging.stockx.io,a0901a268b22811e9988e0e2ffbd16e2-7baadc2e29c1d5ab.elb.us-east-1.amazonaws.com,Load Balancer,staging-eng
8fd9427a3d318cf4db0e499eba4b78c8,stockx.io,CNAME,iron-pr-14197.staging.stockx.io,a0901a268b22811e9988e0e2ffbd16e2-7baadc2e29c1d5ab.elb.us-east-1.amazonaws.com,Load Balancer,staging-eng
8fd9427a3d318cf4db0e499eba4b78c8,stockx.io,CNAME,iron-pr-14217.staging.stockx.io,a0901a268b22811e9988e0e2ffbd16e2-7baadc2e29c1d5ab.elb.us-east-1.amazonaws.com,Load Balancer,staging-eng
8fd9427a3d318cf4db0e499eba4b78c8,stockx.io,CNAME,iron-pr-14219.staging.stockx.io,a0901a268b22811e9988e0e2ffbd16e2-7baadc2e29c1d5ab.elb.us-east-1.amazonaws.com,Load Balancer,staging-eng
8fd9427a3d318cf4db0e499eba4b78c8,stockx.io,CNAME,iron-pr-14232.staging.stockx.io,a0901a268b22811e9988e0e2ffbd16e2-7baadc2e29c1d5ab.elb.us-east-1.amazonaws.com,Load Balancer,staging-eng
8fd9427a3d318cf4db0e499eba4b78c8,stockx.io,CNAME,iron-pr-14243.staging.stockx.io,a0901a268b22811e9988e0e2ffbd16e2-7baadc2e29c1d5ab.elb.us-east-1.amazonaws.com,Load Balancer,staging-eng
8fd9427a3d318cf4db0e499eba4b78c8,stockx.io,CNAME,iron-pr-14256.staging.stockx.io,a0901a268b22811e9988e0e2ffbd16e2-7baadc2e29c1d5ab.elb.us-east-1.amazonaws.com,Load Balancer,staging-eng
8fd9427a3d318cf4db0e499eba4b78c8,stockx.io,CNAME,iron-pr-14289.staging.stockx.io,a0901a268b22811e9988e0e2ffbd16e2-7baadc2e29c1d5ab.elb.us-east-1.amazonaws.com,Load Balancer,staging-eng
8fd9427a3d318cf4db0e499eba4b78c8,stockx.io,CNAME,iron-pr-14300.staging.stockx.io,a0901a268b22811e9988e0e2ffbd16e2-7baadc2e29c1d5ab.elb.us-east-1.amazonaws.com,Load Balancer,staging-eng
8fd9427a3d318cf4db0e499eba4b78c8,stockx.io,CNAME,iron-pr-14314.staging.stockx.io,a0901a268b22811e9988e0e2ffbd16e2-7baadc2e29c1d5ab.elb.us-east-1.amazonaws.com,Load Balancer,staging-eng
8fd9427a3d318cf4db0e499eba4b78c8,stockx.io,CNAME,iron-pr-14355.staging.stockx.io,a0901a268b22811e9988e0e2ffbd16e2-7baadc2e29c1d5ab.elb.us-east-1.amazonaws.com,Load Balancer,staging-eng
8fd9427a3d318cf4db0e499eba4b78c8,stockx.io,CNAME,iron-pr-14363.staging.stockx.io,a0901a268b22811e9988e0e2ffbd16e2-7baadc2e29c1d5ab.elb.us-east-1.amazonaws.com,Load Balancer,staging-eng
8fd9427a3d318cf4db0e499eba4b78c8,stockx.io,CNAME,iron-pr-14391.staging.stockx.io,a0901a268b22811e9988e0e2ffbd16e2-7baadc2e29c1d5ab.elb.us-east-1.amazonaws.com,Load Balancer,staging-eng
8fd9427a3d318cf4db0e499eba4b78c8,stockx.io,CNAME,iron-pr-14403.staging.stockx.io,a0901a268b22811e9988e0e2ffbd16e2-7baadc2e29c1d5ab.elb.us-east-1.amazonaws.com,Load Balancer,staging-eng
8fd9427a3d318cf4db0e499eba4b78c8,stockx.io,CNAME,iron-pr-14449.staging.stockx.io,a0901a268b22811e9988e0e2ffbd16e2-7baadc2e29c1d5ab.elb.us-east-1.amazonaws.com,Load Balancer,staging-eng
8fd9427a3d318cf4db0e499eba4b78c8,stockx.io,CNAME,iron-pr-14477.staging.stockx.io,a0901a268b22811e9988e0e2ffbd16e2-7baadc2e29c1d5ab.elb.us-east-1.amazonaws.com,Load Balancer,staging-eng
8fd9427a3d318cf4db0e499eba4b78c8,stockx.io,CNAME,iron-pr-14480.staging.stockx.io,a0901a268b22811e9988e0e2ffbd16e2-7baadc2e29c1d5ab.elb.us-east-1.amazonaws.com,Load Balancer,staging-eng
8fd9427a3d318cf4db0e499eba4b78c8,stockx.io,CNAME,iron-pr-14484.staging.stockx.io,a0901a268b22811e9988e0e2ffbd16e2-7baadc2e29c1d5ab.elb.us-east-1.amazonaws.com,Load Balancer,staging-eng
8fd9427a3d318cf4db0e499eba4b78c8,stockx.io,CNAME,iron-pr-14485.staging.stockx.io,a0901a268b22811e9988e0e2ffbd16e2-7baadc2e29c1d5ab.elb.us-east-1.amazonaws.com,Load Balancer,staging-eng
8fd9427a3d318cf4db0e499eba4b78c8,stockx.io,CNAME,iron-pr-14575.staging.stockx.io,a0901a268b22811e9988e0e2ffbd16e2-7baadc2e29c1d5ab.elb.us-east-1.amazonaws.com,Load Balancer,staging-eng
8fd9427a3d318cf4db0e499eba4b78c8,stockx.io,CNAME,iron-pr-14579.staging.stockx.io,a0901a268b22811e9988e0e2ffbd16e2-7baadc2e29c1d5ab.elb.us-east-1.amazonaws.com,Load Balancer,staging-eng
8fd9427a3d318cf4db0e499eba4b78c8,stockx.io,CNAME,iron-pr-14584.staging.stockx.io,a0901a268b22811e9988e0e2ffbd16e2-7baadc2e29c1d5ab.elb.us-east-1.amazonaws.com,Load Balancer,staging-eng
8fd9427a3d318cf4db0e499eba4b78c8,stockx.io,CNAME,iron-pr-14594.staging.stockx.io,a0901a268b22811e9988e0e2ffbd16e2-7baadc2e29c1d5ab.elb.us-east-1.amazonaws.com,Load Balancer,staging-eng
8fd9427a3d318cf4db0e499eba4b78c8,stockx.io,CNAME,iron-pr-14635.staging.stockx.io,a0901a268b22811e9988e0e2ffbd16e2-7baadc2e29c1d5ab.elb.us-east-1.amazonaws.com,Load Balancer,staging-eng
8fd9427a3d318cf4db0e499eba4b78c8,stockx.io,CNAME,iron-pr-14666.staging.stockx.io,a0901a268b22811e9988e0e2ffbd16e2-7baadc2e29c1d5ab.elb.us-east-1.amazonaws.com,Load Balancer,staging-eng
8fd9427a3d318cf4db0e499eba4b78c8,stockx.io,CNAME,iron-pr-14685.staging.stockx.io,a0901a268b22811e9988e0e2ffbd16e2-7baadc2e29c1d5ab.elb.us-east-1.amazonaws.com,Load Balancer,staging-eng
8fd9427a3d318cf4db0e499eba4b78c8,stockx.io,CNAME,iron-pr-14734.staging.stockx.io,a0901a268b22811e9988e0e2ffbd16e2-7baadc2e29c1d5ab.elb.us-east-1.amazonaws.com,Load Balancer,staging-eng
8fd9427a3d318cf4db0e499eba4b78c8,stockx.io,CNAME,iron-pr-14750.staging.stockx.io,a0901a268b22811e9988e0e2ffbd16e2-7baadc2e29c1d5ab.elb.us-east-1.amazonaws.com,Load Balancer,staging-eng
8fd9427a3d318cf4db0e499eba4b78c8,stockx.io,CNAME,iron-pr-14811.staging.stockx.io,a0901a268b22811e9988e0e2ffbd16e2-7baadc2e29c1d5ab.elb.us-east-1.amazonaws.com,Load Balancer,staging-eng
8fd9427a3d318cf4db0e499eba4b78c8,stockx.io,CNAME,iron-pr-14813.staging.stockx.io,a0901a268b22811e9988e0e2ffbd16e2-7baadc2e29c1d5ab.elb.us-east-1.amazonaws.com,Load Balancer,staging-eng
8fd9427a3d318cf4db0e499eba4b78c8,stockx.io,CNAME,iron-pr-14823.staging.stockx.io,a0901a268b22811e9988e0e2ffbd16e2-7baadc2e29c1d5ab.elb.us-east-1.amazonaws.com,Load Balancer,staging-eng
8fd9427a3d318cf4db0e499eba4b78c8,stockx.io,CNAME,iron-pr-14825.staging.stockx.io,a0901a268b22811e9988e0e2ffbd16e2-7baadc2e29c1d5ab.elb.us-east-1.amazonaws.com,Load Balancer,staging-eng
8fd9427a3d318cf4db0e499eba4b78c8,stockx.io,CNAME,iron-pr-14857.staging.stockx.io,a0901a268b22811e9988e0e2ffbd16e2-7baadc2e29c1d5ab.elb.us-east-1.amazonaws.com,Load Balancer,staging-eng
8fd9427a3d318cf4db0e499eba4b78c8,stockx.io,CNAME,iron-pr-14895.staging.stockx.io,a0901a268b22811e9988e0e2ffbd16e2-7baadc2e29c1d5ab.elb.us-east-1.amazonaws.com,Load Balancer,staging-eng
8fd9427a3d318cf4db0e499eba4b78c8,stockx.io,CNAME,iron-pr-14911.staging.stockx.io,a0901a268b22811e9988e0e2ffbd16e2-7baadc2e29c1d5ab.elb.us-east-1.amazonaws.com,Load Balancer,staging-eng
8fd9427a3d318cf4db0e499eba4b78c8,stockx.io,CNAME,iron-pr-14913.staging.stockx.io,a0901a268b22811e9988e0e2ffbd16e2-7baadc2e29c1d5ab.elb.us-east-1.amazonaws.com,Load Balancer,staging-eng
8fd9427a3d318cf4db0e499eba4b78c8,stockx.io,CNAME,iron-pr-14930.staging.stockx.io,a0901a268b22811e9988e0e2ffbd16e2-7baadc2e29c1d5ab.elb.us-east-1.amazonaws.com,Load Balancer,staging-eng
8fd9427a3d318cf4db0e499eba4b78c8,stockx.io,CNAME,iron-pr-14931.staging.stockx.io,a0901a268b22811e9988e0e2ffbd16e2-7baadc2e29c1d5ab.elb.us-east-1.amazonaws.com,Load Balancer,staging-eng
8fd9427a3d318cf4db0e499eba4b78c8,stockx.io,CNAME,iron-pr-14948.staging.stockx.io,a0901a268b22811e9988e0e2ffbd16e2-7baadc2e29c1d5ab.elb.us-east-1.amazonaws.com,Load Balancer,staging-eng
8fd9427a3d318cf4db0e499eba4b78c8,stockx.io,CNAME,iron-pr-15000.staging.stockx.io,a0901a268b22811e9988e0e2ffbd16e2-7baadc2e29c1d5ab.elb.us-east-1.amazonaws.com,Load Balancer,staging-eng
8fd9427a3d318cf4db0e499eba4b78c8,stockx.io,CNAME,iron-pr-15056.staging.stockx.io,a0901a268b22811e9988e0e2ffbd16e2-7baadc2e29c1d5ab.elb.us-east-1.amazonaws.com,Load Balancer,staging-eng
8fd9427a3d318cf4db0e499eba4b78c8,stockx.io,CNAME,iron-pr-15088.staging.stockx.io,a0901a268b22811e9988e0e2ffbd16e2-7baadc2e29c1d5ab.elb.us-east-1.amazonaws.com,Load Balancer,staging-eng
8fd9427a3d318cf4db0e499eba4b78c8,stockx.io,CNAME,iron-pr-15140.staging.stockx.io,a0901a268b22811e9988e0e2ffbd16e2-7baadc2e29c1d5ab.elb.us-east-1.amazonaws.com,Load Balancer,staging-eng
8fd9427a3d318cf4db0e499eba4b78c8,stockx.io,CNAME,iron-pr-15203.staging.stockx.io,a0901a268b22811e9988e0e2ffbd16e2-7baadc2e29c1d5ab.elb.us-east-1.amazonaws.com,Load Balancer,staging-eng
8fd9427a3d318cf4db0e499eba4b78c8,stockx.io,CNAME,iron-pr-15216.staging.stockx.io,a0901a268b22811e9988e0e2ffbd16e2-7baadc2e29c1d5ab.elb.us-east-1.amazonaws.com,Load Balancer,staging-eng
8fd9427a3d318cf4db0e499eba4b78c8,stockx.io,CNAME,iron-pr-15240.staging.stockx.io,a0901a268b22811e9988e0e2ffbd16e2-7baadc2e29c1d5ab.elb.us-east-1.amazonaws.com,Load Balancer,staging-eng
8fd9427a3d318cf4db0e499eba4b78c8,stockx.io,CNAME,iron-pr-15264.staging.stockx.io,a0901a268b22811e9988e0e2ffbd16e2-7baadc2e29c1d5ab.elb.us-east-1.amazonaws.com,Load Balancer,staging-eng
8fd9427a3d318cf4db0e499eba4b78c8,stockx.io,CNAME,iron-pr-15272.staging.stockx.io,a0901a268b22811e9988e0e2ffbd16e2-7baadc2e29c1d5ab.elb.us-east-1.amazonaws.com,Load Balancer,staging-eng
8fd9427a3d318cf4db0e499eba4b78c8,stockx.io,CNAME,iron-pr-15296.staging.stockx.io,a0901a268b22811e9988e0e2ffbd16e2-7baadc2e29c1d5ab.elb.us-east-1.amazonaws.com,Load Balancer,staging-eng
8fd9427a3d318cf4db0e499eba4b78c8,stockx.io,CNAME,iron-pr-15310.staging.stockx.io,a0901a268b22811e9988e0e2ffbd16e2-7baadc2e29c1d5ab.elb.us-east-1.amazonaws.com,Load Balancer,staging-eng
8fd9427a3d318cf4db0e499eba4b78c8,stockx.io,CNAME,iron-pr-15342.staging.stockx.io,a0901a268b22811e9988e0e2ffbd16e2-7baadc2e29c1d5ab.elb.us-east-1.amazonaws.com,Load Balancer,staging-eng
8fd9427a3d318cf4db0e499eba4b78c8,stockx.io,CNAME,iron-pr-15362.staging.stockx.io,a0901a268b22811e9988e0e2ffbd16e2-7baadc2e29c1d5ab.elb.us-east-1.amazonaws.com,Load Balancer,staging-eng
8fd9427a3d318cf4db0e499eba4b78c8,stockx.io,CNAME,iron-pr-15414.staging.stockx.io,a0901a268b22811e9988e0e2ffbd16e2-7baadc2e29c1d5ab.elb.us-east-1.amazonaws.com,Load Balancer,staging-eng
8fd9427a3d318cf4db0e499eba4b78c8,stockx.io,CNAME,iron-pr-15445.staging.stockx.io,a0901a268b22811e9988e0e2ffbd16e2-7baadc2e29c1d5ab.elb.us-east-1.amazonaws.com,Load Balancer,staging-eng
8fd9427a3d318cf4db0e499eba4b78c8,stockx.io,CNAME,iron-pr-15476.staging.stockx.io,a0901a268b22811e9988e0e2ffbd16e2-7baadc2e29c1d5ab.elb.us-east-1.amazonaws.com,Load Balancer,staging-eng
8fd9427a3d318cf4db0e499eba4b78c8,stockx.io,CNAME,iron-pr-15482.staging.stockx.io,a0901a268b22811e9988e0e2ffbd16e2-7baadc2e29c1d5ab.elb.us-east-1.amazonaws.com,Load Balancer,staging-eng
8fd9427a3d318cf4db0e499eba4b78c8,stockx.io,CNAME,iron-pr-15554.staging.stockx.io,a0901a268b22811e9988e0e2ffbd16e2-7baadc2e29c1d5ab.elb.us-east-1.amazonaws.com,Load Balancer,staging-eng
8fd9427a3d318cf4db0e499eba4b78c8,stockx.io,CNAME,iron-pr-15586.staging.stockx.io,a0901a268b22811e9988e0e2ffbd16e2-7baadc2e29c1d5ab.elb.us-east-1.amazonaws.com,Load Balancer,staging-eng
8fd9427a3d318cf4db0e499eba4b78c8,stockx.io,CNAME,iron-pr-15611.staging.stockx.io,a0901a268b22811e9988e0e2ffbd16e2-7baadc2e29c1d5ab.elb.us-east-1.amazonaws.com,Load Balancer,staging-eng
8fd9427a3d318cf4db0e499eba4b78c8,stockx.io,CNAME,iron-pr-15659.staging.stockx.io,a0901a268b22811e9988e0e2ffbd16e2-7baadc2e29c1d5ab.elb.us-east-1.amazonaws.com,Load Balancer,staging-eng
8fd9427a3d318cf4db0e499eba4b78c8,stockx.io,CNAME,iron-pr-15690.staging.stockx.io,a0901a268b22811e9988e0e2ffbd16e2-7baadc2e29c1d5ab.elb.us-east-1.amazonaws.com,Load Balancer,staging-eng
8fd9427a3d318cf4db0e499eba4b78c8,stockx.io,CNAME,iron-pr-15693.staging.stockx.io,a0901a268b22811e9988e0e2ffbd16e2-7baadc2e29c1d5ab.elb.us-east-1.amazonaws.com,Load Balancer,staging-eng
8fd9427a3d318cf4db0e499eba4b78c8,stockx.io,CNAME,iron-pr-15711.staging.stockx.io,a0901a268b22811e9988e0e2ffbd16e2-7baadc2e29c1d5ab.elb.us-east-1.amazonaws.com,Load Balancer,staging-eng
8fd9427a3d318cf4db0e499eba4b78c8,stockx.io,CNAME,iron-pr-15720.staging.stockx.io,a0901a268b22811e9988e0e2ffbd16e2-7baadc2e29c1d5ab.elb.us-east-1.amazonaws.com,Load Balancer,staging-eng
8fd9427a3d318cf4db0e499eba4b78c8,stockx.io,CNAME,iron-pr-15721.staging.stockx.io,a0901a268b22811e9988e0e2ffbd16e2-7baadc2e29c1d5ab.elb.us-east-1.amazonaws.com,Load Balancer,staging-eng
8fd9427a3d318cf4db0e499eba4b78c8,stockx.io,CNAME,iron-pr-15722.staging.stockx.io,a0901a268b22811e9988e0e2ffbd16e2-7baadc2e29c1d5ab.elb.us-east-1.amazonaws.com,Load Balancer,staging-eng
8fd9427a3d318cf4db0e499eba4b78c8,stockx.io,CNAME,iron-pr-15723.staging.stockx.io,a0901a268b22811e9988e0e2ffbd16e2-7baadc2e29c1d5ab.elb.us-east-1.amazonaws.com,Load Balancer,staging-eng
8fd9427a3d318cf4db0e499eba4b78c8,stockx.io,CNAME,iron-pr-15731.staging.stockx.io,a0901a268b22811e9988e0e2ffbd16e2-7baadc2e29c1d5ab.elb.us-east-1.amazonaws.com,Load Balancer,staging-eng
8fd9427a3d318cf4db0e499eba4b78c8,stockx.io,CNAME,iron-pr-15738.staging.stockx.io,a0901a268b22811e9988e0e2ffbd16e2-7baadc2e29c1d5ab.elb.us-east-1.amazonaws.com,Load Balancer,staging-eng
8fd9427a3d318cf4db0e499eba4b78c8,stockx.io,CNAME,iron-pr-15747.staging.stockx.io,a0901a268b22811e9988e0e2ffbd16e2-7baadc2e29c1d5ab.elb.us-east-1.amazonaws.com,Load Balancer,staging-eng
8fd9427a3d318cf4db0e499eba4b78c8,stockx.io,CNAME,iron-pr-15748.staging.stockx.io,a0901a268b22811e9988e0e2ffbd16e2-7baadc2e29c1d5ab.elb.us-east-1.amazonaws.com,Load Balancer,staging-eng
8fd9427a3d318cf4db0e499eba4b78c8,stockx.io,CNAME,iron-pr-15750.staging.stockx.io,a0901a268b22811e9988e0e2ffbd16e2-7baadc2e29c1d5ab.elb.us-east-1.amazonaws.com,Load Balancer,staging-eng
8fd9427a3d318cf4db0e499eba4b78c8,stockx.io,CNAME,iron-pr-15767.staging.stockx.io,a0901a268b22811e9988e0e2ffbd16e2-7baadc2e29c1d5ab.elb.us-east-1.amazonaws.com,Load Balancer,staging-eng
8fd9427a3d318cf4db0e499eba4b78c8,stockx.io,CNAME,iron-pr-15768.staging.stockx.io,a0901a268b22811e9988e0e2ffbd16e2-7baadc2e29c1d5ab.elb.us-east-1.amazonaws.com,Load Balancer,staging-eng
8fd9427a3d318cf4db0e499eba4b78c8,stockx.io,CNAME,iron-pr-15769.staging.stockx.io,a0901a268b22811e9988e0e2ffbd16e2-7baadc2e29c1d5ab.elb.us-east-1.amazonaws.com,Load Balancer,staging-eng
8fd9427a3d318cf4db0e499eba4b78c8,stockx.io,CNAME,iron-pr-15773.staging.stockx.io,a0901a268b22811e9988e0e2ffbd16e2-7baadc2e29c1d5ab.elb.us-east-1.amazonaws.com,Load Balancer,staging-eng
8fd9427a3d318cf4db0e499eba4b78c8,stockx.io,CNAME,iron-pr-15774.staging.stockx.io,a0901a268b22811e9988e0e2ffbd16e2-7baadc2e29c1d5ab.elb.us-east-1.amazonaws.com,Load Balancer,staging-eng
8fd9427a3d318cf4db0e499eba4b78c8,stockx.io,CNAME,iron-pr-15775.staging.stockx.io,a0901a268b22811e9988e0e2ffbd16e2-7baadc2e29c1d5ab.elb.us-east-1.amazonaws.com,Load Balancer,staging-eng
8fd9427a3d318cf4db0e499eba4b78c8,stockx.io,CNAME,iron-pr-15776.staging.stockx.io,a0901a268b22811e9988e0e2ffbd16e2-7baadc2e29c1d5ab.elb.us-east-1.amazonaws.com,Load Balancer,staging-eng
8fd9427a3d318cf4db0e499eba4b78c8,stockx.io,CNAME,iron-pr-15777.staging.stockx.io,a0901a268b22811e9988e0e2ffbd16e2-7baadc2e29c1d5ab.elb.us-east-1.amazonaws.com,Load Balancer,staging-eng
8fd9427a3d318cf4db0e499eba4b78c8,stockx.io,CNAME,iron-pr-15779.staging.stockx.io,a0901a268b22811e9988e0e2ffbd16e2-7baadc2e29c1d5ab.elb.us-east-1.amazonaws.com,Load Balancer,staging-eng
8fd9427a3d318cf4db0e499eba4b78c8,stockx.io,CNAME,iron-pr-15854.staging.stockx.io,a0901a268b22811e9988e0e2ffbd16e2-7baadc2e29c1d5ab.elb.us-east-1.amazonaws.com,Load Balancer,staging-eng
8fd9427a3d318cf4db0e499eba4b78c8,stockx.io,CNAME,iron-pr-15862.staging.stockx.io,a0901a268b22811e9988e0e2ffbd16e2-7baadc2e29c1d5ab.elb.us-east-1.amazonaws.com,Load Balancer,staging-eng
8fd9427a3d318cf4db0e499eba4b78c8,stockx.io,CNAME,iron-pr-15867.staging.stockx.io,a0901a268b22811e9988e0e2ffbd16e2-7baadc2e29c1d5ab.elb.us-east-1.amazonaws.com,Load Balancer,staging-eng
8fd9427a3d318cf4db0e499eba4b78c8,stockx.io,CNAME,iron-pr-15876.staging.stockx.io,a0901a268b22811e9988e0e2ffbd16e2-7baadc2e29c1d5ab.elb.us-east-1.amazonaws.com,Load Balancer,staging-eng
8fd9427a3d318cf4db0e499eba4b78c8,stockx.io,CNAME,iron-pr-15887.staging.stockx.io,a0901a268b22811e9988e0e2ffbd16e2-7baadc2e29c1d5ab.elb.us-east-1.amazonaws.com,Load Balancer,staging-eng
8fd9427a3d318cf4db0e499eba4b78c8,stockx.io,CNAME,iron-pr-15899.staging.stockx.io,a0901a268b22811e9988e0e2ffbd16e2-7baadc2e29c1d5ab.elb.us-east-1.amazonaws.com,Load Balancer,staging-eng
8fd9427a3d318cf4db0e499eba4b78c8,stockx.io,CNAME,iron-pr-15905.staging.stockx.io,a0901a268b22811e9988e0e2ffbd16e2-7baadc2e29c1d5ab.elb.us-east-1.amazonaws.com,Load Balancer,staging-eng
8fd9427a3d318cf4db0e499eba4b78c8,stockx.io,CNAME,iron-pr-15906.staging.stockx.io,a0901a268b22811e9988e0e2ffbd16e2-7baadc2e29c1d5ab.elb.us-east-1.amazonaws.com,Load Balancer,staging-eng
8fd9427a3d318cf4db0e499eba4b78c8,stockx.io,CNAME,iron-pr-15916.staging.stockx.io,a0901a268b22811e9988e0e2ffbd16e2-7baadc2e29c1d5ab.elb.us-east-1.amazonaws.com,Load Balancer,staging-eng
8fd9427a3d318cf4db0e499eba4b78c8,stockx.io,CNAME,iron-pr-15926.staging.stockx.io,a0901a268b22811e9988e0e2ffbd16e2-7baadc2e29c1d5ab.elb.us-east-1.amazonaws.com,Load Balancer,staging-eng
8fd9427a3d318cf4db0e499eba4b78c8,stockx.io,CNAME,iron-pr-15959.staging.stockx.io,a0901a268b22811e9988e0e2ffbd16e2-7baadc2e29c1d5ab.elb.us-east-1.amazonaws.com,Load Balancer,staging-eng
8fd9427a3d318cf4db0e499eba4b78c8,stockx.io,CNAME,iron-pr-15967.staging.stockx.io,a0901a268b22811e9988e0e2ffbd16e2-7baadc2e29c1d5ab.elb.us-east-1.amazonaws.com,Load Balancer,staging-eng
8fd9427a3d318cf4db0e499eba4b78c8,stockx.io,CNAME,iron-pr-15992.staging.stockx.io,a0901a268b22811e9988e0e2ffbd16e2-7baadc2e29c1d5ab.elb.us-east-1.amazonaws.com,Load Balancer,staging-eng
8fd9427a3d318cf4db0e499eba4b78c8,stockx.io,CNAME,iron-pr-16004.staging.stockx.io,a0901a268b22811e9988e0e2ffbd16e2-7baadc2e29c1d5ab.elb.us-east-1.amazonaws.com,Load Balancer,staging-eng
8fd9427a3d318cf4db0e499eba4b78c8,stockx.io,CNAME,iron-pr-16015.staging.stockx.io,a0901a268b22811e9988e0e2ffbd16e2-7baadc2e29c1d5ab.elb.us-east-1.amazonaws.com,Load Balancer,staging-eng
8fd9427a3d318cf4db0e499eba4b78c8,stockx.io,CNAME,iron-pr-16061.staging.stockx.io,a0901a268b22811e9988e0e2ffbd16e2-7baadc2e29c1d5ab.elb.us-east-1.amazonaws.com,Load Balancer,staging-eng
8fd9427a3d318cf4db0e499eba4b78c8,stockx.io,CNAME,iron-pr-16069.staging.stockx.io,a0901a268b22811e9988e0e2ffbd16e2-7baadc2e29c1d5ab.elb.us-east-1.amazonaws.com,Load Balancer,staging-eng
8fd9427a3d318cf4db0e499eba4b78c8,stockx.io,CNAME,iron-pr-16084.staging.stockx.io,a0901a268b22811e9988e0e2ffbd16e2-7baadc2e29c1d5ab.elb.us-east-1.amazonaws.com,Load Balancer,staging-eng
8fd9427a3d318cf4db0e499eba4b78c8,stockx.io,CNAME,iron-pr-16103.staging.stockx.io,a0901a268b22811e9988e0e2ffbd16e2-7baadc2e29c1d5ab.elb.us-east-1.amazonaws.com,Load Balancer,staging-eng
8fd9427a3d318cf4db0e499eba4b78c8,stockx.io,CNAME,iron-pr-16113.staging.stockx.io,a0901a268b22811e9988e0e2ffbd16e2-7baadc2e29c1d5ab.elb.us-east-1.amazonaws.com,Load Balancer,staging-eng
8fd9427a3d318cf4db0e499eba4b78c8,stockx.io,CNAME,iron-pr-16120.staging.stockx.io,a0901a268b22811e9988e0e2ffbd16e2-7baadc2e29c1d5ab.elb.us-east-1.amazonaws.com,Load Balancer,staging-eng
8fd9427a3d318cf4db0e499eba4b78c8,stockx.io,CNAME,iron-pr-16122.staging.stockx.io,a0901a268b22811e9988e0e2ffbd16e2-7baadc2e29c1d5ab.elb.us-east-1.amazonaws.com,Load Balancer,staging-eng
8fd9427a3d318cf4db0e499eba4b78c8,stockx.io,CNAME,iron-pr-16123.staging.stockx.io,a0901a268b22811e9988e0e2ffbd16e2-7baadc2e29c1d5ab.elb.us-east-1.amazonaws.com,Load Balancer,staging-eng
8fd9427a3d318cf4db0e499eba4b78c8,stockx.io,CNAME,iron-pr-16129.staging.stockx.io,a0901a268b22811e9988e0e2ffbd16e2-7baadc2e29c1d5ab.elb.us-east-1.amazonaws.com,Load Balancer,staging-eng
8fd9427a3d318cf4db0e499eba4b78c8,stockx.io,CNAME,iron-pr-16143.staging.stockx.io,a0901a268b22811e9988e0e2ffbd16e2-7baadc2e29c1d5ab.elb.us-east-1.amazonaws.com,Load Balancer,staging-eng
8fd9427a3d318cf4db0e499eba4b78c8,stockx.io,CNAME,iron-pr-16147.staging.stockx.io,a0901a268b22811e9988e0e2ffbd16e2-7baadc2e29c1d5ab.elb.us-east-1.amazonaws.com,Load Balancer,staging-eng
8fd9427a3d318cf4db0e499eba4b78c8,stockx.io,CNAME,iron-pr-16162.staging.stockx.io,a0901a268b22811e9988e0e2ffbd16e2-7baadc2e29c1d5ab.elb.us-east-1.amazonaws.com,Load Balancer,staging-eng
8fd9427a3d318cf4db0e499eba4b78c8,stockx.io,CNAME,iron-pr-16170.staging.stockx.io,a0901a268b22811e9988e0e2ffbd16e2-7baadc2e29c1d5ab.elb.us-east-1.amazonaws.com,Load Balancer,staging-eng
8fd9427a3d318cf4db0e499eba4b78c8,stockx.io,CNAME,iron-pr-16182.staging.stockx.io,a0901a268b22811e9988e0e2ffbd16e2-7baadc2e29c1d5ab.elb.us-east-1.amazonaws.com,Load Balancer,staging-eng
8fd9427a3d318cf4db0e499eba4b78c8,stockx.io,CNAME,iron-pr-16186.staging.stockx.io,a0901a268b22811e9988e0e2ffbd16e2-7baadc2e29c1d5ab.elb.us-east-1.amazonaws.com,Load Balancer,staging-eng
8fd9427a3d318cf4db0e499eba4b78c8,stockx.io,CNAME,iron-pr-16188.staging.stockx.io,a0901a268b22811e9988e0e2ffbd16e2-7baadc2e29c1d5ab.elb.us-east-1.amazonaws.com,Load Balancer,staging-eng
8fd9427a3d318cf4db0e499eba4b78c8,stockx.io,CNAME,iron-pr-16196.staging.stockx.io,a0901a268b22811e9988e0e2ffbd16e2-7baadc2e29c1d5ab.elb.us-east-1.amazonaws.com,Load Balancer,staging-eng
8fd9427a3d318cf4db0e499eba4b78c8,stockx.io,CNAME,iron-pr-16197.staging.stockx.io,a0901a268b22811e9988e0e2ffbd16e2-7baadc2e29c1d5ab.elb.us-east-1.amazonaws.com,Load Balancer,staging-eng
8fd9427a3d318cf4db0e499eba4b78c8,stockx.io,CNAME,iron-pr-16200.staging.stockx.io,a0901a268b22811e9988e0e2ffbd16e2-7baadc2e29c1d5ab.elb.us-east-1.amazonaws.com,Load Balancer,staging-eng
8fd9427a3d318cf4db0e499eba4b78c8,stockx.io,CNAME,iron-pr-16201.staging.stockx.io,a0901a268b22811e9988e0e2ffbd16e2-7baadc2e29c1d5ab.elb.us-east-1.amazonaws.com,Load Balancer,staging-eng
8fd9427a3d318cf4db0e499eba4b78c8,stockx.io,CNAME,iron-pr-16211.staging.stockx.io,a0901a268b22811e9988e0e2ffbd16e2-7baadc2e29c1d5ab.elb.us-east-1.amazonaws.com,Load Balancer,staging-eng
8fd9427a3d318cf4db0e499eba4b78c8,stockx.io,CNAME,iron-pr-16217.staging.stockx.io,a0901a268b22811e9988e0e2ffbd16e2-7baadc2e29c1d5ab.elb.us-east-1.amazonaws.com,Load Balancer,staging-eng
8fd9427a3d318cf4db0e499eba4b78c8,stockx.io,CNAME,iron-pr-16221.staging.stockx.io,a0901a268b22811e9988e0e2ffbd16e2-7baadc2e29c1d5ab.elb.us-east-1.amazonaws.com,Load Balancer,staging-eng
8fd9427a3d318cf4db0e499eba4b78c8,stockx.io,CNAME,iron-pr-16222.staging.stockx.io,a0901a268b22811e9988e0e2ffbd16e2-7baadc2e29c1d5ab.elb.us-east-1.amazonaws.com,Load Balancer,staging-eng
8fd9427a3d318cf4db0e499eba4b78c8,stockx.io,CNAME,iron-pr-16223.staging.stockx.io,a0901a268b22811e9988e0e2ffbd16e2-7baadc2e29c1d5ab.elb.us-east-1.amazonaws.com,Load Balancer,staging-eng
8fd9427a3d318cf4db0e499eba4b78c8,stockx.io,CNAME,iron-pr-16224.staging.stockx.io,a0901a268b22811e9988e0e2ffbd16e2-7baadc2e29c1d5ab.elb.us-east-1.amazonaws.com,Load Balancer,staging-eng
8fd9427a3d318cf4db0e499eba4b78c8,stockx.io,CNAME,iron-pr-8869.preview.stockx.io,a0901a268b22811e9988e0e2ffbd16e2-7baadc2e29c1d5ab.elb.us-east-1.amazonaws.com,Load Balancer,staging-eng
8fd9427a3d318cf4db0e499eba4b78c8,stockx.io,CNAME,iron.staging.stockx.io,a0901a268b22811e9988e0e2ffbd16e2-7baadc2e29c1d5ab.elb.us-east-1.amazonaws.com,Load Balancer,staging-eng
8fd9427a3d318cf4db0e499eba4b78c8,stockx.io,CNAME,iron.test.stockx.io,a0901a268b22811e9988e0e2ffbd16e2-7baadc2e29c1d5ab.elb.us-east-1.amazonaws.com,Load Balancer,staging-eng
8fd9427a3d318cf4db0e499eba4b78c8,stockx.io,CNAME,ld-relay.staging.stockx.io,a0901a268b22811e9988e0e2ffbd16e2-7baadc2e29c1d5ab.elb.us-east-1.amazonaws.com,Load Balancer,staging-eng
8fd9427a3d318cf4db0e499eba4b78c8,stockx.io,CNAME,letterpress.staging.stockx.io,a0901a268b22811e9988e0e2ffbd16e2-7baadc2e29c1d5ab.elb.us-east-1.amazonaws.com,Load Balancer,staging-eng
8fd9427a3d318cf4db0e499eba4b78c8,stockx.io,CNAME,logistics-rules-engine.staging.stockx.io,a0901a268b22811e9988e0e2ffbd16e2-7baadc2e29c1d5ab.elb.us-east-1.amazonaws.com,Load Balancer,staging-eng
8fd9427a3d318cf4db0e499eba4b78c8,stockx.io,CNAME,logistics-rules-pr-220.preview.stockx.io,a0901a268b22811e9988e0e2ffbd16e2-7baadc2e29c1d5ab.elb.us-east-1.amazonaws.com,Load Balancer,staging-eng
8fd9427a3d318cf4db0e499eba4b78c8,stockx.io,CNAME,logistics-rules-pr-230.preview.stockx.io,a0901a268b22811e9988e0e2ffbd16e2-7baadc2e29c1d5ab.elb.us-east-1.amazonaws.com,Load Balancer,staging-eng
8fd9427a3d318cf4db0e499eba4b78c8,stockx.io,CNAME,logistics-rules-pr-234.preview.stockx.io,a0901a268b22811e9988e0e2ffbd16e2-7baadc2e29c1d5ab.elb.us-east-1.amazonaws.com,Load Balancer,staging-eng
8fd9427a3d318cf4db0e499eba4b78c8,stockx.io,CNAME,logistics-rules.staging.stockx.io,a0901a268b22811e9988e0e2ffbd16e2-7baadc2e29c1d5ab.elb.us-east-1.amazonaws.com,Load Balancer,staging-eng
8fd9427a3d318cf4db0e499eba4b78c8,stockx.io,CNAME,market-notification-processor.staging.stockx.io,a0901a268b22811e9988e0e2ffbd16e2-7baadc2e29c1d5ab.elb.us-east-1.amazonaws.com,Load Balancer,staging-eng
8fd9427a3d318cf4db0e499eba4b78c8,stockx.io,CNAME,market-processor.staging.stockx.io,a0901a268b22811e9988e0e2ffbd16e2-7baadc2e29c1d5ab.elb.us-east-1.amazonaws.com,Load Balancer,staging-eng
8fd9427a3d318cf4db0e499eba4b78c8,stockx.io,CNAME,market-service.staging.stockx.io,a0901a268b22811e9988e0e2ffbd16e2-7baadc2e29c1d5ab.elb.us-east-1.amazonaws.com,Load Balancer,staging-eng
8fd9427a3d318cf4db0e499eba4b78c8,stockx.io,CNAME,market-statistics.staging.stockx.io,a0901a268b22811e9988e0e2ffbd16e2-7baadc2e29c1d5ab.elb.us-east-1.amazonaws.com,Load Balancer,staging-eng
8fd9427a3d318cf4db0e499eba4b78c8,stockx.io,CNAME,matcher-accuracy-service.staging.stockx.io,a0901a268b22811e9988e0e2ffbd16e2-7baadc2e29c1d5ab.elb.us-east-1.amazonaws.com,Load Balancer,staging-eng
8fd9427a3d318cf4db0e499eba4b78c8,stockx.io,CNAME,matcher-max-plus.staging.stockx.io,a0901a268b22811e9988e0e2ffbd16e2-7baadc2e29c1d5ab.elb.us-east-1.amazonaws.com,Load Balancer,staging-eng
8fd9427a3d318cf4db0e499eba4b78c8,stockx.io,CNAME,match-results-shim.staging.stockx.io,a0901a268b22811e9988e0e2ffbd16e2-7baadc2e29c1d5ab.elb.us-east-1.amazonaws.com,Load Balancer,staging-eng
8fd9427a3d318cf4db0e499eba4b78c8,stockx.io,CNAME,money-datahub.staging.stockx.io,a0901a268b22811e9988e0e2ffbd16e2-7baadc2e29c1d5ab.elb.us-east-1.amazonaws.com,Load Balancer,staging-eng
8fd9427a3d318cf4db0e499eba4b78c8,stockx.io,CNAME,money-meta.staging.stockx.io,a0901a268b22811e9988e0e2ffbd16e2-7baadc2e29c1d5ab.elb.us-east-1.amazonaws.com,Load Balancer,staging-eng
8fd9427a3d318cf4db0e499eba4b78c8,stockx.io,CNAME,money-scripting.staging.stockx.io,a0901a268b22811e9988e0e2ffbd16e2-7baadc2e29c1d5ab.elb.us-east-1.amazonaws.com,Load Balancer,staging-eng
8fd9427a3d318cf4db0e499eba4b78c8,stockx.io,CNAME,money.staging.stockx.io,a0901a268b22811e9988e0e2ffbd16e2-7baadc2e29c1d5ab.elb.us-east-1.amazonaws.com,Load Balancer,staging-eng
8fd9427a3d318cf4db0e499eba4b78c8,stockx.io,CNAME,ms-dynamics-localization-adapter.staging.stockx.io,a0901a268b22811e9988e0e2ffbd16e2-7baadc2e29c1d5ab.elb.us-east-1.amazonaws.com,Load Balancer,staging-eng
8fd9427a3d318cf4db0e499eba4b78c8,stockx.io,CNAME,notification-subscriptions.staging.stockx.io,a0901a268b22811e9988e0e2ffbd16e2-7baadc2e29c1d5ab.elb.us-east-1.amazonaws.com,Load Balancer,staging-eng
8fd9427a3d318cf4db0e499eba4b78c8,stockx.io,CNAME,notification-testing-api.staging.stockx.io,a0901a268b22811e9988e0e2ffbd16e2-7baadc2e29c1d5ab.elb.us-east-1.amazonaws.com,Load Balancer,staging-eng
8fd9427a3d318cf4db0e499eba4b78c8,stockx.io,CNAME,notification-worker.staging.stockx.io,a0901a268b22811e9988e0e2ffbd16e2-7baadc2e29c1d5ab.elb.us-east-1.amazonaws.com,Load Balancer,staging-eng
8fd9427a3d318cf4db0e499eba4b78c8,stockx.io,CNAME,ops-app-server.staging.stockx.io,a0901a268b22811e9988e0e2ffbd16e2-7baadc2e29c1d5ab.elb.us-east-1.amazonaws.com,Load Balancer,staging-eng
8fd9427a3d318cf4db0e499eba4b78c8,stockx.io,CNAME,opstracks.staging.stockx.io,a0901a268b22811e9988e0e2ffbd16e2-7baadc2e29c1d5ab.elb.us-east-1.amazonaws.com,Load Balancer,staging-eng
8fd9427a3d318cf4db0e499eba4b78c8,stockx.io,CNAME,order-commands.staging.stockx.io,a0901a268b22811e9988e0e2ffbd16e2-7baadc2e29c1d5ab.elb.us-east-1.amazonaws.com,Load Balancer,staging-eng
8fd9427a3d318cf4db0e499eba4b78c8,stockx.io,CNAME,order-status.staging.stockx.io,a0901a268b22811e9988e0e2ffbd16e2-7baadc2e29c1d5ab.elb.us-east-1.amazonaws.com,Load Balancer,staging-eng
8fd9427a3d318cf4db0e499eba4b78c8,stockx.io,CNAME,payments.staging.stockx.io,a0901a268b22811e9988e0e2ffbd16e2-7baadc2e29c1d5ab.elb.us-east-1.amazonaws.com,Load Balancer,staging-eng
8fd9427a3d318cf4db0e499eba4b78c8,stockx.io,CNAME,payouts.staging.stockx.io,a0901a268b22811e9988e0e2ffbd16e2-7baadc2e29c1d5ab.elb.us-east-1.amazonaws.com,Load Balancer,staging-eng
8fd9427a3d318cf4db0e499eba4b78c8,stockx.io,CNAME,personalization.staging.stockx.io,a0901a268b22811e9988e0e2ffbd16e2-7baadc2e29c1d5ab.elb.us-east-1.amazonaws.com,Load Balancer,staging-eng
8fd9427a3d318cf4db0e499eba4b78c8,stockx.io,CNAME,pricing.staging.stockx.io,a0901a268b22811e9988e0e2ffbd16e2-7baadc2e29c1d5ab.elb.us-east-1.amazonaws.com,Load Balancer,staging-eng
8fd9427a3d318cf4db0e499eba4b78c8,stockx.io,CNAME,qa-dashboard-api.staging.stockx.io,a0901a268b22811e9988e0e2ffbd16e2-7baadc2e29c1d5ab.elb.us-east-1.amazonaws.com,Load Balancer,staging-eng
8fd9427a3d318cf4db0e499eba4b78c8,stockx.io,CNAME,qa-dashboard-metrics-collector.staging.stockx.io,a0901a268b22811e9988e0e2ffbd16e2-7baadc2e29c1d5ab.elb.us-east-1.amazonaws.com,Load Balancer,staging-eng
8fd9427a3d318cf4db0e499eba4b78c8,stockx.io,CNAME,qa-dashboard-web.staging.stockx.io,a0901a268b22811e9988e0e2ffbd16e2-7baadc2e29c1d5ab.elb.us-east-1.amazonaws.com,Load Balancer,staging-eng
8fd9427a3d318cf4db0e499eba4b78c8,stockx.io,CNAME,qa-pr-749.preview.stockx.io,a0901a268b22811e9988e0e2ffbd16e2-7baadc2e29c1d5ab.elb.us-east-1.amazonaws.com,Load Balancer,staging-eng
8fd9427a3d318cf4db0e499eba4b78c8,stockx.io,CNAME,qa-pr-760.preview.stockx.io,a0901a268b22811e9988e0e2ffbd16e2-7baadc2e29c1d5ab.elb.us-east-1.amazonaws.com,Load Balancer,staging-eng
8fd9427a3d318cf4db0e499eba4b78c8,stockx.io,CNAME,qa-pr-772.preview.stockx.io,a0901a268b22811e9988e0e2ffbd16e2-7baadc2e29c1d5ab.elb.us-east-1.amazonaws.com,Load Balancer,staging-eng
8fd9427a3d318cf4db0e499eba4b78c8,stockx.io,CNAME,qa-pr-773.preview.stockx.io,a0901a268b22811e9988e0e2ffbd16e2-7baadc2e29c1d5ab.elb.us-east-1.amazonaws.com,Load Balancer,staging-eng
8fd9427a3d318cf4db0e499eba4b78c8,stockx.io,CNAME,qa-pr-788.preview.stockx.io,a0901a268b22811e9988e0e2ffbd16e2-7baadc2e29c1d5ab.elb.us-east-1.amazonaws.com,Load Balancer,staging-eng
8fd9427a3d318cf4db0e499eba4b78c8,stockx.io,CNAME,qa-pr-789.preview.stockx.io,a0901a268b22811e9988e0e2ffbd16e2-7baadc2e29c1d5ab.elb.us-east-1.amazonaws.com,Load Balancer,staging-eng
8fd9427a3d318cf4db0e499eba4b78c8,stockx.io,CNAME,qa-pr-790.preview.stockx.io,a0901a268b22811e9988e0e2ffbd16e2-7baadc2e29c1d5ab.elb.us-east-1.amazonaws.com,Load Balancer,staging-eng
8fd9427a3d318cf4db0e499eba4b78c8,stockx.io,CNAME,qa-pr-795.preview.stockx.io,a0901a268b22811e9988e0e2ffbd16e2-7baadc2e29c1d5ab.elb.us-east-1.amazonaws.com,Load Balancer,staging-eng
8fd9427a3d318cf4db0e499eba4b78c8,stockx.io,CNAME,qa-pr-805.preview.stockx.io,a0901a268b22811e9988e0e2ffbd16e2-7baadc2e29c1d5ab.elb.us-east-1.amazonaws.com,Load Balancer,staging-eng
8fd9427a3d318cf4db0e499eba4b78c8,stockx.io,CNAME,qa-pr-820.preview.stockx.io,a0901a268b22811e9988e0e2ffbd16e2-7baadc2e29c1d5ab.elb.us-east-1.amazonaws.com,Load Balancer,staging-eng
8fd9427a3d318cf4db0e499eba4b78c8,stockx.io,CNAME,qa-pr-822.preview.stockx.io,a0901a268b22811e9988e0e2ffbd16e2-7baadc2e29c1d5ab.elb.us-east-1.amazonaws.com,Load Balancer,staging-eng
8fd9427a3d318cf4db0e499eba4b78c8,stockx.io,CNAME,qa-pr-824.preview.stockx.io,a0901a268b22811e9988e0e2ffbd16e2-7baadc2e29c1d5ab.elb.us-east-1.amazonaws.com,Load Balancer,staging-eng
8fd9427a3d318cf4db0e499eba4b78c8,stockx.io,CNAME,qa-pr-825.preview.stockx.io,a0901a268b22811e9988e0e2ffbd16e2-7baadc2e29c1d5ab.elb.us-east-1.amazonaws.com,Load Balancer,staging-eng
8fd9427a3d318cf4db0e499eba4b78c8,stockx.io,CNAME,qa-pr-826.preview.stockx.io,a0901a268b22811e9988e0e2ffbd16e2-7baadc2e29c1d5ab.elb.us-east-1.amazonaws.com,Load Balancer,staging-eng
8fd9427a3d318cf4db0e499eba4b78c8,stockx.io,CNAME,qa-pr-827.preview.stockx.io,a0901a268b22811e9988e0e2ffbd16e2-7baadc2e29c1d5ab.elb.us-east-1.amazonaws.com,Load Balancer,staging-eng
8fd9427a3d318cf4db0e499eba4b78c8,stockx.io,CNAME,qa.staging.stockx.io,a0901a268b22811e9988e0e2ffbd16e2-7baadc2e29c1d5ab.elb.us-east-1.amazonaws.com,Load Balancer,staging-eng
8fd9427a3d318cf4db0e499eba4b78c8,stockx.io,CNAME,qe-dashboard.staging.stockx.io,a0901a268b22811e9988e0e2ffbd16e2-7baadc2e29c1d5ab.elb.us-east-1.amazonaws.com,Load Balancer,staging-eng
8fd9427a3d318cf4db0e499eba4b78c8,stockx.io,CNAME,restiql-countries.staging.stockx.io,a0901a268b22811e9988e0e2ffbd16e2-7baadc2e29c1d5ab.elb.us-east-1.amazonaws.com,Load Balancer,staging-eng
8fd9427a3d318cf4db0e499eba4b78c8,stockx.io,CNAME,restiql-notifications.staging.stockx.io,a0901a268b22811e9988e0e2ffbd16e2-7baadc2e29c1d5ab.elb.us-east-1.amazonaws.com,Load Balancer,staging-eng
8fd9427a3d318cf4db0e499eba4b78c8,stockx.io,CNAME,restiql-pablo-browse.staging.stockx.io,a0901a268b22811e9988e0e2ffbd16e2-7baadc2e29c1d5ab.elb.us-east-1.amazonaws.com,Load Balancer,staging-eng
8fd9427a3d318cf4db0e499eba4b78c8,stockx.io,CNAME,restiql-pablo-market.staging.stockx.io,a0901a268b22811e9988e0e2ffbd16e2-7baadc2e29c1d5ab.elb.us-east-1.amazonaws.com,Load Balancer,staging-eng
8fd9427a3d318cf4db0e499eba4b78c8,stockx.io,CNAME,restiql-pablo-products.staging.stockx.io,a0901a268b22811e9988e0e2ffbd16e2-7baadc2e29c1d5ab.elb.us-east-1.amazonaws.com,Load Balancer,staging-eng
8fd9427a3d318cf4db0e499eba4b78c8,stockx.io,CNAME,restiql-pablo-search.staging.stockx.io,a0901a268b22811e9988e0e2ffbd16e2-7baadc2e29c1d5ab.elb.us-east-1.amazonaws.com,Load Balancer,staging-eng
8fd9427a3d318cf4db0e499eba4b78c8,stockx.io,CNAME,restiql-public-api.staging.stockx.io,a0901a268b22811e9988e0e2ffbd16e2-7baadc2e29c1d5ab.elb.us-east-1.amazonaws.com,Load Balancer,staging-eng
8fd9427a3d318cf4db0e499eba4b78c8,stockx.io,CNAME,scoutapp.staging.stockx.io,a0901a268b22811e9988e0e2ffbd16e2-7baadc2e29c1d5ab.elb.us-east-1.amazonaws.com,Load Balancer,staging-eng
8fd9427a3d318cf4db0e499eba4b78c8,stockx.io,CNAME,seller-enforcement.staging.stockx.io,a0901a268b22811e9988e0e2ffbd16e2-7baadc2e29c1d5ab.elb.us-east-1.amazonaws.com,Load Balancer,staging-eng
8fd9427a3d318cf4db0e499eba4b78c8,stockx.io,CNAME,seller-listing-query.staging.stockx.io,a0901a268b22811e9988e0e2ffbd16e2-7baadc2e29c1d5ab.elb.us-east-1.amazonaws.com,Load Balancer,staging-eng
8fd9427a3d318cf4db0e499eba4b78c8,stockx.io,CNAME,seller-listing.staging.stockx.io,a0901a268b22811e9988e0e2ffbd16e2-7baadc2e29c1d5ab.elb.us-east-1.amazonaws.com,Load Balancer,staging-eng
8fd9427a3d318cf4db0e499eba4b78c8,stockx.io,CNAME,seller-penalty.staging.stockx.io,a0901a268b22811e9988e0e2ffbd16e2-7baadc2e29c1d5ab.elb.us-east-1.amazonaws.com,Load Balancer,staging-eng
8fd9427a3d318cf4db0e499eba4b78c8,stockx.io,CNAME,seller-policy.staging.stockx.io,a0901a268b22811e9988e0e2ffbd16e2-7baadc2e29c1d5ab.elb.us-east-1.amazonaws.com,Load Balancer,staging-eng
8fd9427a3d318cf4db0e499eba4b78c8,stockx.io,CNAME,seller-profile.staging.stockx.io,a0901a268b22811e9988e0e2ffbd16e2-7baadc2e29c1d5ab.elb.us-east-1.amazonaws.com,Load Balancer,staging-eng
8fd9427a3d318cf4db0e499eba4b78c8,stockx.io,CNAME,seller-promotions.staging.stockx.io,a0901a268b22811e9988e0e2ffbd16e2-7baadc2e29c1d5ab.elb.us-east-1.amazonaws.com,Load Balancer,staging-eng
8fd9427a3d318cf4db0e499eba4b78c8,stockx.io,CNAME,sell-fee-management.staging.stockx.io,a0901a268b22811e9988e0e2ffbd16e2-7baadc2e29c1d5ab.elb.us-east-1.amazonaws.com,Load Balancer,staging-eng
8fd9427a3d318cf4db0e499eba4b78c8,stockx.io,CNAME,server-side-events-processor.staging.stockx.io,a0901a268b22811e9988e0e2ffbd16e2-7baadc2e29c1d5ab.elb.us-east-1.amazonaws.com,Load Balancer,staging-eng
8fd9427a3d318cf4db0e499eba4b78c8,stockx.io,CNAME,shipments.staging.stockx.io,a0901a268b22811e9988e0e2ffbd16e2-7baadc2e29c1d5ab.elb.us-east-1.amazonaws.com,Load Balancer,staging-eng
8fd9427a3d318cf4db0e499eba4b78c8,stockx.io,CNAME,shipping-carriers.staging.stockx.io,a0901a268b22811e9988e0e2ffbd16e2-7baadc2e29c1d5ab.elb.us-east-1.amazonaws.com,Load Balancer,staging-eng
8fd9427a3d318cf4db0e499eba4b78c8,stockx.io,CNAME,shipping-fee-management.staging.stockx.io,a0901a268b22811e9988e0e2ffbd16e2-7baadc2e29c1d5ab.elb.us-east-1.amazonaws.com,Load Balancer,staging-eng
8fd9427a3d318cf4db0e499eba4b78c8,stockx.io,CNAME,sitemap-generator.staging.stockx.io,a0901a268b22811e9988e0e2ffbd16e2-7baadc2e29c1d5ab.elb.us-east-1.amazonaws.com,Load Balancer,staging-eng
8fd9427a3d318cf4db0e499eba4b78c8,stockx.io,CNAME,smartling-cca-dbservice.staging.stockx.io,a0901a268b22811e9988e0e2ffbd16e2-7baadc2e29c1d5ab.elb.us-east-1.amazonaws.com,Load Balancer,staging-eng
8fd9427a3d318cf4db0e499eba4b78c8,stockx.io,CNAME,smartling-cca-salsify-adapter.staging.stockx.io,a0901a268b22811e9988e0e2ffbd16e2-7baadc2e29c1d5ab.elb.us-east-1.amazonaws.com,Load Balancer,staging-eng
8fd9427a3d318cf4db0e499eba4b78c8,stockx.io,CNAME,smartling-cca-scheduler.staging.stockx.io,a0901a268b22811e9988e0e2ffbd16e2-7baadc2e29c1d5ab.elb.us-east-1.amazonaws.com,Load Balancer,staging-eng
8fd9427a3d318cf4db0e499eba4b78c8,stockx.io,CNAME,smartling-cca-trp.staging.stockx.io,a0901a268b22811e9988e0e2ffbd16e2-7baadc2e29c1d5ab.elb.us-east-1.amazonaws.com,Load Balancer,staging-eng
8fd9427a3d318cf4db0e499eba4b78c8,stockx.io,CNAME,smartling-repository-connector.staging.stockx.io,a0901a268b22811e9988e0e2ffbd16e2-7baadc2e29c1d5ab.elb.us-east-1.amazonaws.com,Load Balancer,staging-eng
8fd9427a3d318cf4db0e499eba4b78c8,stockx.io,CNAME,sms.staging.stockx.io,a0901a268b22811e9988e0e2ffbd16e2-7baadc2e29c1d5ab.elb.us-east-1.amazonaws.com,Load Balancer,staging-eng
8fd9427a3d318cf4db0e499eba4b78c8,stockx.io,CNAME,sqrl.staging.stockx.io,a0901a268b22811e9988e0e2ffbd16e2-7baadc2e29c1d5ab.elb.us-east-1.amazonaws.com,Load Balancer,staging-eng
8fd9427a3d318cf4db0e499eba4b78c8,stockx.io,CNAME,stockx-baker.staging.stockx.io,a0901a268b22811e9988e0e2ffbd16e2-7baadc2e29c1d5ab.elb.us-east-1.amazonaws.com,Load Balancer,staging-eng
8fd9427a3d318cf4db0e499eba4b78c8,stockx.io,CNAME,storybook-pr-1007.staging.stockx.io,a0901a268b22811e9988e0e2ffbd16e2-7baadc2e29c1d5ab.elb.us-east-1.amazonaws.com,Load Balancer,staging-eng
8fd9427a3d318cf4db0e499eba4b78c8,stockx.io,CNAME,storybook-pr-842.staging.stockx.io,a0901a268b22811e9988e0e2ffbd16e2-7baadc2e29c1d5ab.elb.us-east-1.amazonaws.com,Load Balancer,staging-eng
8fd9427a3d318cf4db0e499eba4b78c8,stockx.io,CNAME,storybook-pr-856.staging.stockx.io,a0901a268b22811e9988e0e2ffbd16e2-7baadc2e29c1d5ab.elb.us-east-1.amazonaws.com,Load Balancer,staging-eng
8fd9427a3d318cf4db0e499eba4b78c8,stockx.io,CNAME,storybook-pr-858.staging.stockx.io,a0901a268b22811e9988e0e2ffbd16e2-7baadc2e29c1d5ab.elb.us-east-1.amazonaws.com,Load Balancer,staging-eng
8fd9427a3d318cf4db0e499eba4b78c8,stockx.io,CNAME,storybook-pr-885.staging.stockx.io,a0901a268b22811e9988e0e2ffbd16e2-7baadc2e29c1d5ab.elb.us-east-1.amazonaws.com,Load Balancer,staging-eng
8fd9427a3d318cf4db0e499eba4b78c8,stockx.io,CNAME,storybook-pr-889.staging.stockx.io,a0901a268b22811e9988e0e2ffbd16e2-7baadc2e29c1d5ab.elb.us-east-1.amazonaws.com,Load Balancer,staging-eng
8fd9427a3d318cf4db0e499eba4b78c8,stockx.io,CNAME,storybook-pr-917.staging.stockx.io,a0901a268b22811e9988e0e2ffbd16e2-7baadc2e29c1d5ab.elb.us-east-1.amazonaws.com,Load Balancer,staging-eng
8fd9427a3d318cf4db0e499eba4b78c8,stockx.io,CNAME,storybook-pr-921.staging.stockx.io,a0901a268b22811e9988e0e2ffbd16e2-7baadc2e29c1d5ab.elb.us-east-1.amazonaws.com,Load Balancer,staging-eng
8fd9427a3d318cf4db0e499eba4b78c8,stockx.io,CNAME,storybook-pr-923.staging.stockx.io,a0901a268b22811e9988e0e2ffbd16e2-7baadc2e29c1d5ab.elb.us-east-1.amazonaws.com,Load Balancer,staging-eng
8fd9427a3d318cf4db0e499eba4b78c8,stockx.io,CNAME,storybook-pr-927.staging.stockx.io,a0901a268b22811e9988e0e2ffbd16e2-7baadc2e29c1d5ab.elb.us-east-1.amazonaws.com,Load Balancer,staging-eng
8fd9427a3d318cf4db0e499eba4b78c8,stockx.io,CNAME,storybook-pr-933.staging.stockx.io,a0901a268b22811e9988e0e2ffbd16e2-7baadc2e29c1d5ab.elb.us-east-1.amazonaws.com,Load Balancer,staging-eng
8fd9427a3d318cf4db0e499eba4b78c8,stockx.io,CNAME,storybook-pr-940.staging.stockx.io,a0901a268b22811e9988e0e2ffbd16e2-7baadc2e29c1d5ab.elb.us-east-1.amazonaws.com,Load Balancer,staging-eng
8fd9427a3d318cf4db0e499eba4b78c8,stockx.io,CNAME,storybook-pr-944.staging.stockx.io,a0901a268b22811e9988e0e2ffbd16e2-7baadc2e29c1d5ab.elb.us-east-1.amazonaws.com,Load Balancer,staging-eng
8fd9427a3d318cf4db0e499eba4b78c8,stockx.io,CNAME,storybook-pr-955.staging.stockx.io,a0901a268b22811e9988e0e2ffbd16e2-7baadc2e29c1d5ab.elb.us-east-1.amazonaws.com,Load Balancer,staging-eng
8fd9427a3d318cf4db0e499eba4b78c8,stockx.io,CNAME,storybook-pr-962.staging.stockx.io,a0901a268b22811e9988e0e2ffbd16e2-7baadc2e29c1d5ab.elb.us-east-1.amazonaws.com,Load Balancer,staging-eng
8fd9427a3d318cf4db0e499eba4b78c8,stockx.io,CNAME,storybook-pr-963.staging.stockx.io,a0901a268b22811e9988e0e2ffbd16e2-7baadc2e29c1d5ab.elb.us-east-1.amazonaws.com,Load Balancer,staging-eng
8fd9427a3d318cf4db0e499eba4b78c8,stockx.io,CNAME,storybook-pr-964.staging.stockx.io,a0901a268b22811e9988e0e2ffbd16e2-7baadc2e29c1d5ab.elb.us-east-1.amazonaws.com,Load Balancer,staging-eng
8fd9427a3d318cf4db0e499eba4b78c8,stockx.io,CNAME,storybook-pr-966.staging.stockx.io,a0901a268b22811e9988e0e2ffbd16e2-7baadc2e29c1d5ab.elb.us-east-1.amazonaws.com,Load Balancer,staging-eng
8fd9427a3d318cf4db0e499eba4b78c8,stockx.io,CNAME,storybook-pr-970.staging.stockx.io,a0901a268b22811e9988e0e2ffbd16e2-7baadc2e29c1d5ab.elb.us-east-1.amazonaws.com,Load Balancer,staging-eng
8fd9427a3d318cf4db0e499eba4b78c8,stockx.io,CNAME,storybook-pr-972.staging.stockx.io,a0901a268b22811e9988e0e2ffbd16e2-7baadc2e29c1d5ab.elb.us-east-1.amazonaws.com,Load Balancer,staging-eng
8fd9427a3d318cf4db0e499eba4b78c8,stockx.io,CNAME,storybook-pr-973.staging.stockx.io,a0901a268b22811e9988e0e2ffbd16e2-7baadc2e29c1d5ab.elb.us-east-1.amazonaws.com,Load Balancer,staging-eng
8fd9427a3d318cf4db0e499eba4b78c8,stockx.io,CNAME,storybook-pr-975.staging.stockx.io,a0901a268b22811e9988e0e2ffbd16e2-7baadc2e29c1d5ab.elb.us-east-1.amazonaws.com,Load Balancer,staging-eng
8fd9427a3d318cf4db0e499eba4b78c8,stockx.io,CNAME,storybook-pr-976.staging.stockx.io,a0901a268b22811e9988e0e2ffbd16e2-7baadc2e29c1d5ab.elb.us-east-1.amazonaws.com,Load Balancer,staging-eng
8fd9427a3d318cf4db0e499eba4b78c8,stockx.io,CNAME,storybook-pr-979.staging.stockx.io,a0901a268b22811e9988e0e2ffbd16e2-7baadc2e29c1d5ab.elb.us-east-1.amazonaws.com,Load Balancer,staging-eng
8fd9427a3d318cf4db0e499eba4b78c8,stockx.io,CNAME,storybook-pr-980.staging.stockx.io,a0901a268b22811e9988e0e2ffbd16e2-7baadc2e29c1d5ab.elb.us-east-1.amazonaws.com,Load Balancer,staging-eng
8fd9427a3d318cf4db0e499eba4b78c8,stockx.io,CNAME,storybook-pr-981.staging.stockx.io,a0901a268b22811e9988e0e2ffbd16e2-7baadc2e29c1d5ab.elb.us-east-1.amazonaws.com,Load Balancer,staging-eng
8fd9427a3d318cf4db0e499eba4b78c8,stockx.io,CNAME,storybook-pr-982.staging.stockx.io,a0901a268b22811e9988e0e2ffbd16e2-7baadc2e29c1d5ab.elb.us-east-1.amazonaws.com,Load Balancer,staging-eng
8fd9427a3d318cf4db0e499eba4b78c8,stockx.io,CNAME,storybook-pr-983.staging.stockx.io,a0901a268b22811e9988e0e2ffbd16e2-7baadc2e29c1d5ab.elb.us-east-1.amazonaws.com,Load Balancer,staging-eng
8fd9427a3d318cf4db0e499eba4b78c8,stockx.io,CNAME,storybook-pr-986.staging.stockx.io,a0901a268b22811e9988e0e2ffbd16e2-7baadc2e29c1d5ab.elb.us-east-1.amazonaws.com,Load Balancer,staging-eng
8fd9427a3d318cf4db0e499eba4b78c8,stockx.io,CNAME,storybook-pr-987.staging.stockx.io,a0901a268b22811e9988e0e2ffbd16e2-7baadc2e29c1d5ab.elb.us-east-1.amazonaws.com,Load Balancer,staging-eng
8fd9427a3d318cf4db0e499eba4b78c8,stockx.io,CNAME,storybook-pr-991.staging.stockx.io,a0901a268b22811e9988e0e2ffbd16e2-7baadc2e29c1d5ab.elb.us-east-1.amazonaws.com,Load Balancer,staging-eng
8fd9427a3d318cf4db0e499eba4b78c8,stockx.io,CNAME,storybook-pr-998.staging.stockx.io,a0901a268b22811e9988e0e2ffbd16e2-7baadc2e29c1d5ab.elb.us-east-1.amazonaws.com,Load Balancer,staging-eng
8fd9427a3d318cf4db0e499eba4b78c8,stockx.io,CNAME,storybook.staging.stockx.io,a0901a268b22811e9988e0e2ffbd16e2-7baadc2e29c1d5ab.elb.us-east-1.amazonaws.com,Load Balancer,staging-eng
8fd9427a3d318cf4db0e499eba4b78c8,stockx.io,CNAME,suggested-search.staging.stockx.io,a0901a268b22811e9988e0e2ffbd16e2-7baadc2e29c1d5ab.elb.us-east-1.amazonaws.com,Load Balancer,staging-eng
8fd9427a3d318cf4db0e499eba4b78c8,stockx.io,CNAME,taxman.staging.stockx.io,a0901a268b22811e9988e0e2ffbd16e2-7baadc2e29c1d5ab.elb.us-east-1.amazonaws.com,Load Balancer,staging-eng
8fd9427a3d318cf4db0e499eba4b78c8,stockx.io,CNAME,trade-policy.staging.stockx.io,a0901a268b22811e9988e0e2ffbd16e2-7baadc2e29c1d5ab.elb.us-east-1.amazonaws.com,Load Balancer,staging-eng
8fd9427a3d318cf4db0e499eba4b78c8,stockx.io,CNAME,user-data.staging.stockx.io,a0901a268b22811e9988e0e2ffbd16e2-7baadc2e29c1d5ab.elb.us-east-1.amazonaws.com,Load Balancer,staging-eng
8fd9427a3d318cf4db0e499eba4b78c8,stockx.io,CNAME,vault.service.arryn-staging-redux.stockx.io,a1fb18ff1b22811e9988e0e2ffbd16e2-8a1452cf2d50ce81.elb.us-east-1.amazonaws.com,Load Balancer,staging-eng
8fd9427a3d318cf4db0e499eba4b78c8,stockx.io,CNAME,verification-pr-749.preview.stockx.io,a0901a268b22811e9988e0e2ffbd16e2-7baadc2e29c1d5ab.elb.us-east-1.amazonaws.com,Load Balancer,staging-eng
8fd9427a3d318cf4db0e499eba4b78c8,stockx.io,CNAME,verification-pr-760.preview.stockx.io,a0901a268b22811e9988e0e2ffbd16e2-7baadc2e29c1d5ab.elb.us-east-1.amazonaws.com,Load Balancer,staging-eng
8fd9427a3d318cf4db0e499eba4b78c8,stockx.io,CNAME,verification-pr-772.preview.stockx.io,a0901a268b22811e9988e0e2ffbd16e2-7baadc2e29c1d5ab.elb.us-east-1.amazonaws.com,Load Balancer,staging-eng
8fd9427a3d318cf4db0e499eba4b78c8,stockx.io,CNAME,verification-pr-773.preview.stockx.io,a0901a268b22811e9988e0e2ffbd16e2-7baadc2e29c1d5ab.elb.us-east-1.amazonaws.com,Load Balancer,staging-eng
8fd9427a3d318cf4db0e499eba4b78c8,stockx.io,CNAME,verification-pr-788.preview.stockx.io,a0901a268b22811e9988e0e2ffbd16e2-7baadc2e29c1d5ab.elb.us-east-1.amazonaws.com,Load Balancer,staging-eng
8fd9427a3d318cf4db0e499eba4b78c8,stockx.io,CNAME,verification-pr-789.preview.stockx.io,a0901a268b22811e9988e0e2ffbd16e2-7baadc2e29c1d5ab.elb.us-east-1.amazonaws.com,Load Balancer,staging-eng
8fd9427a3d318cf4db0e499eba4b78c8,stockx.io,CNAME,verification-pr-790.preview.stockx.io,a0901a268b22811e9988e0e2ffbd16e2-7baadc2e29c1d5ab.elb.us-east-1.amazonaws.com,Load Balancer,staging-eng
8fd9427a3d318cf4db0e499eba4b78c8,stockx.io,CNAME,verification-pr-795.preview.stockx.io,a0901a268b22811e9988e0e2ffbd16e2-7baadc2e29c1d5ab.elb.us-east-1.amazonaws.com,Load Balancer,staging-eng
8fd9427a3d318cf4db0e499eba4b78c8,stockx.io,CNAME,verification-pr-805.preview.stockx.io,a0901a268b22811e9988e0e2ffbd16e2-7baadc2e29c1d5ab.elb.us-east-1.amazonaws.com,Load Balancer,staging-eng
8fd9427a3d318cf4db0e499eba4b78c8,stockx.io,CNAME,verification-pr-820.preview.stockx.io,a0901a268b22811e9988e0e2ffbd16e2-7baadc2e29c1d5ab.elb.us-east-1.amazonaws.com,Load Balancer,staging-eng
8fd9427a3d318cf4db0e499eba4b78c8,stockx.io,CNAME,verification-pr-822.preview.stockx.io,a0901a268b22811e9988e0e2ffbd16e2-7baadc2e29c1d5ab.elb.us-east-1.amazonaws.com,Load Balancer,staging-eng
8fd9427a3d318cf4db0e499eba4b78c8,stockx.io,CNAME,verification-pr-824.preview.stockx.io,a0901a268b22811e9988e0e2ffbd16e2-7baadc2e29c1d5ab.elb.us-east-1.amazonaws.com,Load Balancer,staging-eng
8fd9427a3d318cf4db0e499eba4b78c8,stockx.io,CNAME,verification-pr-825.preview.stockx.io,a0901a268b22811e9988e0e2ffbd16e2-7baadc2e29c1d5ab.elb.us-east-1.amazonaws.com,Load Balancer,staging-eng
8fd9427a3d318cf4db0e499eba4b78c8,stockx.io,CNAME,verification-pr-826.preview.stockx.io,a0901a268b22811e9988e0e2ffbd16e2-7baadc2e29c1d5ab.elb.us-east-1.amazonaws.com,Load Balancer,staging-eng
8fd9427a3d318cf4db0e499eba4b78c8,stockx.io,CNAME,verification-pr-827.preview.stockx.io,a0901a268b22811e9988e0e2ffbd16e2-7baadc2e29c1d5ab.elb.us-east-1.amazonaws.com,Load Balancer,staging-eng
8fd9427a3d318cf4db0e499eba4b78c8,stockx.io,CNAME,verification.staging.stockx.io,a0901a268b22811e9988e0e2ffbd16e2-7baadc2e29c1d5ab.elb.us-east-1.amazonaws.com,Load Balancer,staging-eng
8fd9427a3d318cf4db0e499eba4b78c8,stockx.io,CNAME,viper-pit.staging.stockx.io,a0901a268b22811e9988e0e2ffbd16e2-7baadc2e29c1d5ab.elb.us-east-1.amazonaws.com,Load Balancer,staging-eng
8fd9427a3d318cf4db0e499eba4b78c8,stockx.io,CNAME,viper-pr-2101.preview.stockx.io,a0901a268b22811e9988e0e2ffbd16e2-7baadc2e29c1d5ab.elb.us-east-1.amazonaws.com,Load Balancer,staging-eng
8fd9427a3d318cf4db0e499eba4b78c8,stockx.io,CNAME,viper-pr-2112.preview.stockx.io,a0901a268b22811e9988e0e2ffbd16e2-7baadc2e29c1d5ab.elb.us-east-1.amazonaws.com,Load Balancer,staging-eng
8fd9427a3d318cf4db0e499eba4b78c8,stockx.io,CNAME,viper-pr-2127.preview.stockx.io,a0901a268b22811e9988e0e2ffbd16e2-7baadc2e29c1d5ab.elb.us-east-1.amazonaws.com,Load Balancer,staging-eng
8fd9427a3d318cf4db0e499eba4b78c8,stockx.io,CNAME,viper-pr-2128.preview.stockx.io,a0901a268b22811e9988e0e2ffbd16e2-7baadc2e29c1d5ab.elb.us-east-1.amazonaws.com,Load Balancer,staging-eng
8fd9427a3d318cf4db0e499eba4b78c8,stockx.io,CNAME,viper-pr-2129.preview.stockx.io,a0901a268b22811e9988e0e2ffbd16e2-7baadc2e29c1d5ab.elb.us-east-1.amazonaws.com,Load Balancer,staging-eng
8fd9427a3d318cf4db0e499eba4b78c8,stockx.io,CNAME,viper-pr-2131.preview.stockx.io,a0901a268b22811e9988e0e2ffbd16e2-7baadc2e29c1d5ab.elb.us-east-1.amazonaws.com,Load Balancer,staging-eng
8fd9427a3d318cf4db0e499eba4b78c8,stockx.io,CNAME,viper-pr-2132.preview.stockx.io,a0901a268b22811e9988e0e2ffbd16e2-7baadc2e29c1d5ab.elb.us-east-1.amazonaws.com,Load Balancer,staging-eng
8fd9427a3d318cf4db0e499eba4b78c8,stockx.io,CNAME,viper-pr-2133.preview.stockx.io,a0901a268b22811e9988e0e2ffbd16e2-7baadc2e29c1d5ab.elb.us-east-1.amazonaws.com,Load Balancer,staging-eng
8fd9427a3d318cf4db0e499eba4b78c8,stockx.io,CNAME,viper-pr-2134.preview.stockx.io,a0901a268b22811e9988e0e2ffbd16e2-7baadc2e29c1d5ab.elb.us-east-1.amazonaws.com,Load Balancer,staging-eng
8fd9427a3d318cf4db0e499eba4b78c8,stockx.io,CNAME,viper.staging.stockx.io,a0901a268b22811e9988e0e2ffbd16e2-7baadc2e29c1d5ab.elb.us-east-1.amazonaws.com,Load Balancer,staging-eng
8fd9427a3d318cf4db0e499eba4b78c8,stockx.io,CNAME,warehaus.staging.stockx.io,a0901a268b22811e9988e0e2ffbd16e2-7baadc2e29c1d5ab.elb.us-east-1.amazonaws.com,Load Balancer,staging-eng
8fd9427a3d318cf4db0e499eba4b78c8,stockx.io,CNAME,warehouse-service-authentication-api.staging.stockx.io,a0901a268b22811e9988e0e2ffbd16e2-7baadc2e29c1d5ab.elb.us-east-1.amazonaws.com,Load Balancer,staging-eng
8fd9427a3d318cf4db0e499eba4b78c8,stockx.io,CNAME,warehouse-service-grails-async-api.staging.stockx.io,a0901a268b22811e9988e0e2ffbd16e2-7baadc2e29c1d5ab.elb.us-east-1.amazonaws.com,Load Balancer,staging-eng
8fd9427a3d318cf4db0e499eba4b78c8,stockx.io,CNAME,warehouse-service-html-to-pdf.staging.stockx.io,a0901a268b22811e9988e0e2ffbd16e2-7baadc2e29c1d5ab.elb.us-east-1.amazonaws.com,Load Balancer,staging-eng
8fd9427a3d318cf4db0e499eba4b78c8,stockx.io,CNAME,warehouse-service-inventory-intake.staging.stockx.io,a0901a268b22811e9988e0e2ffbd16e2-7baadc2e29c1d5ab.elb.us-east-1.amazonaws.com,Load Balancer,staging-eng
8fd9427a3d318cf4db0e499eba4b78c8,stockx.io,CNAME,warehouse-service.staging.stockx.io,a0901a268b22811e9988e0e2ffbd16e2-7baadc2e29c1d5ab.elb.us-east-1.amazonaws.com,Load Balancer,staging-eng
8fd9427a3d318cf4db0e499eba4b78c8,stockx.io,CNAME,webhook.staging.stockx.io,a0901a268b22811e9988e0e2ffbd16e2-7baadc2e29c1d5ab.elb.us-east-1.amazonaws.com,Load Balancer,staging-eng
8fd9427a3d318cf4db0e499eba4b78c8,stockx.io,TXT,gateway.staging.stockx.io,loaderio=a4a86dbe4d3f3fa640b9f28cf5df458f,API Gateway (Custom Domain),staging-eng
6c4ab3b69dcfa4bb3d6a7dda25146ba3,stockx.com,CNAME,about.stockx.com,prod-stockx-about-lb-519600927.us-east-1.elb.amazonaws.com,Load Balancer,production-blog
6c4ab3b69dcfa4bb3d6a7dda25146ba3,stockx.com,CNAME,excursions.stockx.com,prod-stockx-excursions-lb-740356480.us-east-1.elb.amazonaws.com,Load Balancer,production-blog
6c4ab3b69dcfa4bb3d6a7dda25146ba3,stockx.com,CNAME,lp.stockx.com,prod-stockx-lp-lb-1059612494.us-east-1.elb.amazonaws.com,Load Balancer,production-blog
6c4ab3b69dcfa4bb3d6a7dda25146ba3,stockx.com,CNAME,news.stockx.com,prod-stockx-news-lb-916410971.us-east-1.elb.amazonaws.com,Load Balancer,production-blog
